,n,a,e,completeness,aspeed,spread
0,1.0,0.2,0.0,0.533,0.2,0.2
1,2.0,0.2,0.0,0.599,0.2,0.2
2,3.0,0.2,0.0,0.634,0.2,0.2
3,4.0,0.2,0.0,0.647,0.2,0.2
4,5.0,0.2,0.0,0.656,0.2,0.2
5,1.0,0.2,0.0,0.523,0.30000000000000004,0.2
6,2.0,0.2,0.0,0.607,0.30000000000000004,0.2
7,3.0,0.2,0.0,0.631,0.30000000000000004,0.2
8,4.0,0.2,0.0,0.647,0.30000000000000004,0.2
9,5.0,0.2,0.0,0.65,0.30000000000000004,0.2
10,1.0,0.2,0.0,0.526,0.4000000000000001,0.2
11,2.0,0.2,0.0,0.606,0.4000000000000001,0.2
12,3.0,0.2,0.0,0.632,0.4000000000000001,0.2
13,4.0,0.2,0.0,0.64,0.4000000000000001,0.2
14,5.0,0.2,0.0,0.651,0.4000000000000001,0.2
15,1.0,0.2,0.0,0.532,0.5000000000000001,0.2
16,2.0,0.2,0.0,0.603,0.5000000000000001,0.2
17,3.0,0.2,0.0,0.633,0.5000000000000001,0.2
18,4.0,0.2,0.0,0.644,0.5000000000000001,0.2
19,5.0,0.2,0.0,0.655,0.5000000000000001,0.2
20,1.0,0.2,0.0,0.531,0.6000000000000001,0.2
21,2.0,0.2,0.0,0.6,0.6000000000000001,0.2
22,3.0,0.2,0.0,0.634,0.6000000000000001,0.2
23,4.0,0.2,0.0,0.645,0.6000000000000001,0.2
24,5.0,0.2,0.0,0.657,0.6000000000000001,0.2
25,1.0,0.2,0.0,0.529,0.7000000000000002,0.2
26,2.0,0.2,0.0,0.604,0.7000000000000002,0.2
27,3.0,0.2,0.0,0.634,0.7000000000000002,0.2
28,4.0,0.2,0.0,0.646,0.7000000000000002,0.2
29,5.0,0.2,0.0,0.658,0.7000000000000002,0.2
30,1.0,0.2,0.0,0.533,0.8000000000000003,0.2
31,2.0,0.2,0.0,0.606,0.8000000000000003,0.2
32,3.0,0.2,0.0,0.633,0.8000000000000003,0.2
33,4.0,0.2,0.0,0.646,0.8000000000000003,0.2
34,5.0,0.2,0.0,0.652,0.8000000000000003,0.2
35,1.0,0.2,0.0,0.522,0.9000000000000001,0.2
36,2.0,0.2,0.0,0.603,0.9000000000000001,0.2
37,3.0,0.2,0.0,0.626,0.9000000000000001,0.2
38,4.0,0.2,0.0,0.644,0.9000000000000001,0.2
39,5.0,0.2,0.0,0.654,0.9000000000000001,0.2
40,1.0,0.2,0.0,0.528,1.0000000000000002,0.2
41,2.0,0.2,0.0,0.606,1.0000000000000002,0.2
42,3.0,0.2,0.0,0.627,1.0000000000000002,0.2
43,4.0,0.2,0.0,0.642,1.0000000000000002,0.2
44,5.0,0.2,0.0,0.652,1.0000000000000002,0.2
45,1.0,0.2,0.0,0.526,1.1000000000000003,0.2
46,2.0,0.2,0.0,0.601,1.1000000000000003,0.2
47,3.0,0.2,0.0,0.629,1.1000000000000003,0.2
48,4.0,0.2,0.0,0.644,1.1000000000000003,0.2
49,5.0,0.2,0.0,0.654,1.1000000000000003,0.2
50,1.0,0.2,0.0,0.529,1.2000000000000004,0.2
51,2.0,0.2,0.0,0.609,1.2000000000000004,0.2
52,3.0,0.2,0.0,0.632,1.2000000000000004,0.2
53,4.0,0.2,0.0,0.638,1.2000000000000004,0.2
54,5.0,0.2,0.0,0.651,1.2000000000000004,0.2
55,1.0,0.2,0.0,0.529,1.3000000000000003,0.2
56,2.0,0.2,0.0,0.606,1.3000000000000003,0.2
57,3.0,0.2,0.0,0.632,1.3000000000000003,0.2
58,4.0,0.2,0.0,0.641,1.3000000000000003,0.2
59,5.0,0.2,0.0,0.652,1.3000000000000003,0.2
60,1.0,0.2,0.0,0.532,1.4000000000000004,0.2
61,2.0,0.2,0.0,0.608,1.4000000000000004,0.2
62,3.0,0.2,0.0,0.629,1.4000000000000004,0.2
63,4.0,0.2,0.0,0.649,1.4000000000000004,0.2
64,5.0,0.2,0.0,0.657,1.4000000000000004,0.2
65,1.0,0.2,0.0,0.533,1.5000000000000004,0.2
66,2.0,0.2,0.0,0.603,1.5000000000000004,0.2
67,3.0,0.2,0.0,0.634,1.5000000000000004,0.2
68,4.0,0.2,0.0,0.642,1.5000000000000004,0.2
69,5.0,0.2,0.0,0.651,1.5000000000000004,0.2
70,1.0,0.2,0.0,0.536,1.6000000000000003,0.2
71,2.0,0.2,0.0,0.607,1.6000000000000003,0.2
72,3.0,0.2,0.0,0.636,1.6000000000000003,0.2
73,4.0,0.2,0.0,0.647,1.6000000000000003,0.2
74,5.0,0.2,0.0,0.654,1.6000000000000003,0.2
75,1.0,0.2,0.0,0.531,1.7000000000000004,0.2
76,2.0,0.2,0.0,0.608,1.7000000000000004,0.2
77,3.0,0.2,0.0,0.629,1.7000000000000004,0.2
78,4.0,0.2,0.0,0.645,1.7000000000000004,0.2
79,5.0,0.2,0.0,0.66,1.7000000000000004,0.2
80,1.0,0.2,0.0,0.525,1.8000000000000005,0.2
81,2.0,0.2,0.0,0.603,1.8000000000000005,0.2
82,3.0,0.2,0.0,0.629,1.8000000000000005,0.2
83,4.0,0.2,0.0,0.643,1.8000000000000005,0.2
84,5.0,0.2,0.0,0.654,1.8000000000000005,0.2
85,1.0,0.2,0.0,0.533,1.9000000000000006,0.2
86,2.0,0.2,0.0,0.602,1.9000000000000006,0.2
87,3.0,0.2,0.0,0.634,1.9000000000000006,0.2
88,4.0,0.2,0.0,0.637,1.9000000000000006,0.2
89,5.0,0.2,0.0,0.656,1.9000000000000006,0.2
90,1.0,0.30000000000000004,0.0,0.527,0.2,0.2
91,2.0,0.30000000000000004,0.0,0.601,0.2,0.2
92,3.0,0.30000000000000004,0.0,0.632,0.2,0.2
93,4.0,0.30000000000000004,0.0,0.641,0.2,0.2
94,5.0,0.30000000000000004,0.0,0.657,0.2,0.2
95,1.0,0.30000000000000004,0.0,0.525,0.30000000000000004,0.2
96,2.0,0.30000000000000004,0.0,0.6,0.30000000000000004,0.2
97,3.0,0.30000000000000004,0.0,0.634,0.30000000000000004,0.2
98,4.0,0.30000000000000004,0.0,0.641,0.30000000000000004,0.2
99,5.0,0.30000000000000004,0.0,0.659,0.30000000000000004,0.2
100,1.0,0.30000000000000004,0.0,0.517,0.4000000000000001,0.2
101,2.0,0.30000000000000004,0.0,0.599,0.4000000000000001,0.2
102,3.0,0.30000000000000004,0.0,0.634,0.4000000000000001,0.2
103,4.0,0.30000000000000004,0.0,0.639,0.4000000000000001,0.2
104,5.0,0.30000000000000004,0.0,0.654,0.4000000000000001,0.2
105,1.0,0.30000000000000004,0.0,0.529,0.5000000000000001,0.2
106,2.0,0.30000000000000004,0.0,0.612,0.5000000000000001,0.2
107,3.0,0.30000000000000004,0.0,0.634,0.5000000000000001,0.2
108,4.0,0.30000000000000004,0.0,0.649,0.5000000000000001,0.2
109,5.0,0.30000000000000004,0.0,0.658,0.5000000000000001,0.2
110,1.0,0.30000000000000004,0.0,0.528,0.6000000000000001,0.2
111,2.0,0.30000000000000004,0.0,0.605,0.6000000000000001,0.2
112,3.0,0.30000000000000004,0.0,0.635,0.6000000000000001,0.2
113,4.0,0.30000000000000004,0.0,0.65,0.6000000000000001,0.2
114,5.0,0.30000000000000004,0.0,0.66,0.6000000000000001,0.2
115,1.0,0.30000000000000004,0.0,0.529,0.7000000000000002,0.2
116,2.0,0.30000000000000004,0.0,0.607,0.7000000000000002,0.2
117,3.0,0.30000000000000004,0.0,0.642,0.7000000000000002,0.2
118,4.0,0.30000000000000004,0.0,0.644,0.7000000000000002,0.2
119,5.0,0.30000000000000004,0.0,0.658,0.7000000000000002,0.2
120,1.0,0.30000000000000004,0.0,0.531,0.8000000000000003,0.2
121,2.0,0.30000000000000004,0.0,0.61,0.8000000000000003,0.2
122,3.0,0.30000000000000004,0.0,0.636,0.8000000000000003,0.2
123,4.0,0.30000000000000004,0.0,0.651,0.8000000000000003,0.2
124,5.0,0.30000000000000004,0.0,0.655,0.8000000000000003,0.2
125,1.0,0.30000000000000004,0.0,0.526,0.9000000000000001,0.2
126,2.0,0.30000000000000004,0.0,0.603,0.9000000000000001,0.2
127,3.0,0.30000000000000004,0.0,0.635,0.9000000000000001,0.2
128,4.0,0.30000000000000004,0.0,0.644,0.9000000000000001,0.2
129,5.0,0.30000000000000004,0.0,0.663,0.9000000000000001,0.2
130,1.0,0.30000000000000004,0.0,0.534,1.0000000000000002,0.2
131,2.0,0.30000000000000004,0.0,0.607,1.0000000000000002,0.2
132,3.0,0.30000000000000004,0.0,0.642,1.0000000000000002,0.2
133,4.0,0.30000000000000004,0.0,0.646,1.0000000000000002,0.2
134,5.0,0.30000000000000004,0.0,0.662,1.0000000000000002,0.2
135,1.0,0.30000000000000004,0.0,0.533,1.1000000000000003,0.2
136,2.0,0.30000000000000004,0.0,0.605,1.1000000000000003,0.2
137,3.0,0.30000000000000004,0.0,0.637,1.1000000000000003,0.2
138,4.0,0.30000000000000004,0.0,0.643,1.1000000000000003,0.2
139,5.0,0.30000000000000004,0.0,0.66,1.1000000000000003,0.2
140,1.0,0.30000000000000004,0.0,0.528,1.2000000000000004,0.2
141,2.0,0.30000000000000004,0.0,0.608,1.2000000000000004,0.2
142,3.0,0.30000000000000004,0.0,0.632,1.2000000000000004,0.2
143,4.0,0.30000000000000004,0.0,0.642,1.2000000000000004,0.2
144,5.0,0.30000000000000004,0.0,0.652,1.2000000000000004,0.2
145,1.0,0.30000000000000004,0.0,0.529,1.3000000000000003,0.2
146,2.0,0.30000000000000004,0.0,0.609,1.3000000000000003,0.2
147,3.0,0.30000000000000004,0.0,0.631,1.3000000000000003,0.2
148,4.0,0.30000000000000004,0.0,0.645,1.3000000000000003,0.2
149,5.0,0.30000000000000004,0.0,0.657,1.3000000000000003,0.2
150,1.0,0.30000000000000004,0.0,0.532,1.4000000000000004,0.2
151,2.0,0.30000000000000004,0.0,0.609,1.4000000000000004,0.2
152,3.0,0.30000000000000004,0.0,0.638,1.4000000000000004,0.2
153,4.0,0.30000000000000004,0.0,0.653,1.4000000000000004,0.2
154,5.0,0.30000000000000004,0.0,0.659,1.4000000000000004,0.2
155,1.0,0.30000000000000004,0.0,0.529,1.5000000000000004,0.2
156,2.0,0.30000000000000004,0.0,0.606,1.5000000000000004,0.2
157,3.0,0.30000000000000004,0.0,0.638,1.5000000000000004,0.2
158,4.0,0.30000000000000004,0.0,0.651,1.5000000000000004,0.2
159,5.0,0.30000000000000004,0.0,0.655,1.5000000000000004,0.2
160,1.0,0.30000000000000004,0.0,0.532,1.6000000000000003,0.2
161,2.0,0.30000000000000004,0.0,0.61,1.6000000000000003,0.2
162,3.0,0.30000000000000004,0.0,0.643,1.6000000000000003,0.2
163,4.0,0.30000000000000004,0.0,0.648,1.6000000000000003,0.2
164,5.0,0.30000000000000004,0.0,0.66,1.6000000000000003,0.2
165,1.0,0.30000000000000004,0.0,0.531,1.7000000000000004,0.2
166,2.0,0.30000000000000004,0.0,0.603,1.7000000000000004,0.2
167,3.0,0.30000000000000004,0.0,0.637,1.7000000000000004,0.2
168,4.0,0.30000000000000004,0.0,0.649,1.7000000000000004,0.2
169,5.0,0.30000000000000004,0.0,0.656,1.7000000000000004,0.2
170,1.0,0.30000000000000004,0.0,0.532,1.8000000000000005,0.2
171,2.0,0.30000000000000004,0.0,0.606,1.8000000000000005,0.2
172,3.0,0.30000000000000004,0.0,0.635,1.8000000000000005,0.2
173,4.0,0.30000000000000004,0.0,0.65,1.8000000000000005,0.2
174,5.0,0.30000000000000004,0.0,0.657,1.8000000000000005,0.2
175,1.0,0.30000000000000004,0.0,0.529,1.9000000000000006,0.2
176,2.0,0.30000000000000004,0.0,0.601,1.9000000000000006,0.2
177,3.0,0.30000000000000004,0.0,0.629,1.9000000000000006,0.2
178,4.0,0.30000000000000004,0.0,0.637,1.9000000000000006,0.2
179,5.0,0.30000000000000004,0.0,0.658,1.9000000000000006,0.2
180,1.0,0.4000000000000001,0.0,0.527,0.2,0.2
181,2.0,0.4000000000000001,0.0,0.6,0.2,0.2
182,3.0,0.4000000000000001,0.0,0.628,0.2,0.2
183,4.0,0.4000000000000001,0.0,0.647,0.2,0.2
184,5.0,0.4000000000000001,0.0,0.666,0.2,0.2
185,1.0,0.4000000000000001,0.0,0.518,0.30000000000000004,0.2
186,2.0,0.4000000000000001,0.0,0.604,0.30000000000000004,0.2
187,3.0,0.4000000000000001,0.0,0.629,0.30000000000000004,0.2
188,4.0,0.4000000000000001,0.0,0.65,0.30000000000000004,0.2
189,5.0,0.4000000000000001,0.0,0.666,0.30000000000000004,0.2
190,1.0,0.4000000000000001,0.0,0.515,0.4000000000000001,0.2
191,2.0,0.4000000000000001,0.0,0.605,0.4000000000000001,0.2
192,3.0,0.4000000000000001,0.0,0.631,0.4000000000000001,0.2
193,4.0,0.4000000000000001,0.0,0.642,0.4000000000000001,0.2
194,5.0,0.4000000000000001,0.0,0.663,0.4000000000000001,0.2
195,1.0,0.4000000000000001,0.0,0.526,0.5000000000000001,0.2
196,2.0,0.4000000000000001,0.0,0.608,0.5000000000000001,0.2
197,3.0,0.4000000000000001,0.0,0.642,0.5000000000000001,0.2
198,4.0,0.4000000000000001,0.0,0.657,0.5000000000000001,0.2
199,5.0,0.4000000000000001,0.0,0.671,0.5000000000000001,0.2
200,1.0,0.4000000000000001,0.0,0.531,0.6000000000000001,0.2
201,2.0,0.4000000000000001,0.0,0.611,0.6000000000000001,0.2
202,3.0,0.4000000000000001,0.0,0.633,0.6000000000000001,0.2
203,4.0,0.4000000000000001,0.0,0.651,0.6000000000000001,0.2
204,5.0,0.4000000000000001,0.0,0.665,0.6000000000000001,0.2
205,1.0,0.4000000000000001,0.0,0.526,0.7000000000000002,0.2
206,2.0,0.4000000000000001,0.0,0.611,0.7000000000000002,0.2
207,3.0,0.4000000000000001,0.0,0.638,0.7000000000000002,0.2
208,4.0,0.4000000000000001,0.0,0.653,0.7000000000000002,0.2
209,5.0,0.4000000000000001,0.0,0.658,0.7000000000000002,0.2
210,1.0,0.4000000000000001,0.0,0.531,0.8000000000000003,0.2
211,2.0,0.4000000000000001,0.0,0.607,0.8000000000000003,0.2
212,3.0,0.4000000000000001,0.0,0.638,0.8000000000000003,0.2
213,4.0,0.4000000000000001,0.0,0.657,0.8000000000000003,0.2
214,5.0,0.4000000000000001,0.0,0.67,0.8000000000000003,0.2
215,1.0,0.4000000000000001,0.0,0.526,0.9000000000000001,0.2
216,2.0,0.4000000000000001,0.0,0.604,0.9000000000000001,0.2
217,3.0,0.4000000000000001,0.0,0.636,0.9000000000000001,0.2
218,4.0,0.4000000000000001,0.0,0.649,0.9000000000000001,0.2
219,5.0,0.4000000000000001,0.0,0.665,0.9000000000000001,0.2
220,1.0,0.4000000000000001,0.0,0.535,1.0000000000000002,0.2
221,2.0,0.4000000000000001,0.0,0.612,1.0000000000000002,0.2
222,3.0,0.4000000000000001,0.0,0.643,1.0000000000000002,0.2
223,4.0,0.4000000000000001,0.0,0.653,1.0000000000000002,0.2
224,5.0,0.4000000000000001,0.0,0.664,1.0000000000000002,0.2
225,1.0,0.4000000000000001,0.0,0.531,1.1000000000000003,0.2
226,2.0,0.4000000000000001,0.0,0.609,1.1000000000000003,0.2
227,3.0,0.4000000000000001,0.0,0.643,1.1000000000000003,0.2
228,4.0,0.4000000000000001,0.0,0.649,1.1000000000000003,0.2
229,5.0,0.4000000000000001,0.0,0.663,1.1000000000000003,0.2
230,1.0,0.4000000000000001,0.0,0.523,1.2000000000000004,0.2
231,2.0,0.4000000000000001,0.0,0.607,1.2000000000000004,0.2
232,3.0,0.4000000000000001,0.0,0.634,1.2000000000000004,0.2
233,4.0,0.4000000000000001,0.0,0.645,1.2000000000000004,0.2
234,5.0,0.4000000000000001,0.0,0.658,1.2000000000000004,0.2
235,1.0,0.4000000000000001,0.0,0.528,1.3000000000000003,0.2
236,2.0,0.4000000000000001,0.0,0.601,1.3000000000000003,0.2
237,3.0,0.4000000000000001,0.0,0.64,1.3000000000000003,0.2
238,4.0,0.4000000000000001,0.0,0.65,1.3000000000000003,0.2
239,5.0,0.4000000000000001,0.0,0.662,1.3000000000000003,0.2
240,1.0,0.4000000000000001,0.0,0.53,1.4000000000000004,0.2
241,2.0,0.4000000000000001,0.0,0.612,1.4000000000000004,0.2
242,3.0,0.4000000000000001,0.0,0.646,1.4000000000000004,0.2
243,4.0,0.4000000000000001,0.0,0.656,1.4000000000000004,0.2
244,5.0,0.4000000000000001,0.0,0.664,1.4000000000000004,0.2
245,1.0,0.4000000000000001,0.0,0.53,1.5000000000000004,0.2
246,2.0,0.4000000000000001,0.0,0.61,1.5000000000000004,0.2
247,3.0,0.4000000000000001,0.0,0.641,1.5000000000000004,0.2
248,4.0,0.4000000000000001,0.0,0.657,1.5000000000000004,0.2
249,5.0,0.4000000000000001,0.0,0.663,1.5000000000000004,0.2
250,1.0,0.4000000000000001,0.0,0.536,1.6000000000000003,0.2
251,2.0,0.4000000000000001,0.0,0.613,1.6000000000000003,0.2
252,3.0,0.4000000000000001,0.0,0.647,1.6000000000000003,0.2
253,4.0,0.4000000000000001,0.0,0.651,1.6000000000000003,0.2
254,5.0,0.4000000000000001,0.0,0.667,1.6000000000000003,0.2
255,1.0,0.4000000000000001,0.0,0.526,1.7000000000000004,0.2
256,2.0,0.4000000000000001,0.0,0.609,1.7000000000000004,0.2
257,3.0,0.4000000000000001,0.0,0.636,1.7000000000000004,0.2
258,4.0,0.4000000000000001,0.0,0.658,1.7000000000000004,0.2
259,5.0,0.4000000000000001,0.0,0.673,1.7000000000000004,0.2
260,1.0,0.4000000000000001,0.0,0.529,1.8000000000000005,0.2
261,2.0,0.4000000000000001,0.0,0.609,1.8000000000000005,0.2
262,3.0,0.4000000000000001,0.0,0.644,1.8000000000000005,0.2
263,4.0,0.4000000000000001,0.0,0.649,1.8000000000000005,0.2
264,5.0,0.4000000000000001,0.0,0.667,1.8000000000000005,0.2
265,1.0,0.4000000000000001,0.0,0.532,1.9000000000000006,0.2
266,2.0,0.4000000000000001,0.0,0.603,1.9000000000000006,0.2
267,3.0,0.4000000000000001,0.0,0.636,1.9000000000000006,0.2
268,4.0,0.4000000000000001,0.0,0.65,1.9000000000000006,0.2
269,5.0,0.4000000000000001,0.0,0.666,1.9000000000000006,0.2
270,1.0,0.5000000000000001,0.0,0.525,0.2,0.2
271,2.0,0.5000000000000001,0.0,0.6,0.2,0.2
272,3.0,0.5000000000000001,0.0,0.636,0.2,0.2
273,4.0,0.5000000000000001,0.0,0.654,0.2,0.2
274,5.0,0.5000000000000001,0.0,0.67,0.2,0.2
275,1.0,0.5000000000000001,0.0,0.521,0.30000000000000004,0.2
276,2.0,0.5000000000000001,0.0,0.603,0.30000000000000004,0.2
277,3.0,0.5000000000000001,0.0,0.634,0.30000000000000004,0.2
278,4.0,0.5000000000000001,0.0,0.658,0.30000000000000004,0.2
279,5.0,0.5000000000000001,0.0,0.676,0.30000000000000004,0.2
280,1.0,0.5000000000000001,0.0,0.519,0.4000000000000001,0.2
281,2.0,0.5000000000000001,0.0,0.605,0.4000000000000001,0.2
282,3.0,0.5000000000000001,0.0,0.638,0.4000000000000001,0.2
283,4.0,0.5000000000000001,0.0,0.652,0.4000000000000001,0.2
284,5.0,0.5000000000000001,0.0,0.673,0.4000000000000001,0.2
285,1.0,0.5000000000000001,0.0,0.519,0.5000000000000001,0.2
286,2.0,0.5000000000000001,0.0,0.607,0.5000000000000001,0.2
287,3.0,0.5000000000000001,0.0,0.649,0.5000000000000001,0.2
288,4.0,0.5000000000000001,0.0,0.66,0.5000000000000001,0.2
289,5.0,0.5000000000000001,0.0,0.681,0.5000000000000001,0.2
290,1.0,0.5000000000000001,0.0,0.53,0.6000000000000001,0.2
291,2.0,0.5000000000000001,0.0,0.607,0.6000000000000001,0.2
292,3.0,0.5000000000000001,0.0,0.641,0.6000000000000001,0.2
293,4.0,0.5000000000000001,0.0,0.658,0.6000000000000001,0.2
294,5.0,0.5000000000000001,0.0,0.67,0.6000000000000001,0.2
295,1.0,0.5000000000000001,0.0,0.527,0.7000000000000002,0.2
296,2.0,0.5000000000000001,0.0,0.607,0.7000000000000002,0.2
297,3.0,0.5000000000000001,0.0,0.652,0.7000000000000002,0.2
298,4.0,0.5000000000000001,0.0,0.656,0.7000000000000002,0.2
299,5.0,0.5000000000000001,0.0,0.665,0.7000000000000002,0.2
300,1.0,0.5000000000000001,0.0,0.525,0.8000000000000003,0.2
301,2.0,0.5000000000000001,0.0,0.61,0.8000000000000003,0.2
302,3.0,0.5000000000000001,0.0,0.645,0.8000000000000003,0.2
303,4.0,0.5000000000000001,0.0,0.659,0.8000000000000003,0.2
304,5.0,0.5000000000000001,0.0,0.671,0.8000000000000003,0.2
305,1.0,0.5000000000000001,0.0,0.527,0.9000000000000001,0.2
306,2.0,0.5000000000000001,0.0,0.609,0.9000000000000001,0.2
307,3.0,0.5000000000000001,0.0,0.644,0.9000000000000001,0.2
308,4.0,0.5000000000000001,0.0,0.657,0.9000000000000001,0.2
309,5.0,0.5000000000000001,0.0,0.674,0.9000000000000001,0.2
310,1.0,0.5000000000000001,0.0,0.526,1.0000000000000002,0.2
311,2.0,0.5000000000000001,0.0,0.613,1.0000000000000002,0.2
312,3.0,0.5000000000000001,0.0,0.643,1.0000000000000002,0.2
313,4.0,0.5000000000000001,0.0,0.656,1.0000000000000002,0.2
314,5.0,0.5000000000000001,0.0,0.667,1.0000000000000002,0.2
315,1.0,0.5000000000000001,0.0,0.53,1.1000000000000003,0.2
316,2.0,0.5000000000000001,0.0,0.612,1.1000000000000003,0.2
317,3.0,0.5000000000000001,0.0,0.637,1.1000000000000003,0.2
318,4.0,0.5000000000000001,0.0,0.659,1.1000000000000003,0.2
319,5.0,0.5000000000000001,0.0,0.665,1.1000000000000003,0.2
320,1.0,0.5000000000000001,0.0,0.523,1.2000000000000004,0.2
321,2.0,0.5000000000000001,0.0,0.607,1.2000000000000004,0.2
322,3.0,0.5000000000000001,0.0,0.639,1.2000000000000004,0.2
323,4.0,0.5000000000000001,0.0,0.646,1.2000000000000004,0.2
324,5.0,0.5000000000000001,0.0,0.658,1.2000000000000004,0.2
325,1.0,0.5000000000000001,0.0,0.536,1.3000000000000003,0.2
326,2.0,0.5000000000000001,0.0,0.61,1.3000000000000003,0.2
327,3.0,0.5000000000000001,0.0,0.64,1.3000000000000003,0.2
328,4.0,0.5000000000000001,0.0,0.656,1.3000000000000003,0.2
329,5.0,0.5000000000000001,0.0,0.663,1.3000000000000003,0.2
330,1.0,0.5000000000000001,0.0,0.524,1.4000000000000004,0.2
331,2.0,0.5000000000000001,0.0,0.613,1.4000000000000004,0.2
332,3.0,0.5000000000000001,0.0,0.65,1.4000000000000004,0.2
333,4.0,0.5000000000000001,0.0,0.66,1.4000000000000004,0.2
334,5.0,0.5000000000000001,0.0,0.669,1.4000000000000004,0.2
335,1.0,0.5000000000000001,0.0,0.525,1.5000000000000004,0.2
336,2.0,0.5000000000000001,0.0,0.612,1.5000000000000004,0.2
337,3.0,0.5000000000000001,0.0,0.642,1.5000000000000004,0.2
338,4.0,0.5000000000000001,0.0,0.661,1.5000000000000004,0.2
339,5.0,0.5000000000000001,0.0,0.675,1.5000000000000004,0.2
340,1.0,0.5000000000000001,0.0,0.531,1.6000000000000003,0.2
341,2.0,0.5000000000000001,0.0,0.615,1.6000000000000003,0.2
342,3.0,0.5000000000000001,0.0,0.644,1.6000000000000003,0.2
343,4.0,0.5000000000000001,0.0,0.662,1.6000000000000003,0.2
344,5.0,0.5000000000000001,0.0,0.675,1.6000000000000003,0.2
345,1.0,0.5000000000000001,0.0,0.528,1.7000000000000004,0.2
346,2.0,0.5000000000000001,0.0,0.606,1.7000000000000004,0.2
347,3.0,0.5000000000000001,0.0,0.641,1.7000000000000004,0.2
348,4.0,0.5000000000000001,0.0,0.657,1.7000000000000004,0.2
349,5.0,0.5000000000000001,0.0,0.672,1.7000000000000004,0.2
350,1.0,0.5000000000000001,0.0,0.53,1.8000000000000005,0.2
351,2.0,0.5000000000000001,0.0,0.611,1.8000000000000005,0.2
352,3.0,0.5000000000000001,0.0,0.649,1.8000000000000005,0.2
353,4.0,0.5000000000000001,0.0,0.656,1.8000000000000005,0.2
354,5.0,0.5000000000000001,0.0,0.668,1.8000000000000005,0.2
355,1.0,0.5000000000000001,0.0,0.531,1.9000000000000006,0.2
356,2.0,0.5000000000000001,0.0,0.605,1.9000000000000006,0.2
357,3.0,0.5000000000000001,0.0,0.637,1.9000000000000006,0.2
358,4.0,0.5000000000000001,0.0,0.648,1.9000000000000006,0.2
359,5.0,0.5000000000000001,0.0,0.666,1.9000000000000006,0.2
360,1.0,0.6000000000000001,0.0,0.512,0.2,0.2
361,2.0,0.6000000000000001,0.0,0.603,0.2,0.2
362,3.0,0.6000000000000001,0.0,0.639,0.2,0.2
363,4.0,0.6000000000000001,0.0,0.662,0.2,0.2
364,5.0,0.6000000000000001,0.0,0.679,0.2,0.2
365,1.0,0.6000000000000001,0.0,0.515,0.30000000000000004,0.2
366,2.0,0.6000000000000001,0.0,0.599,0.30000000000000004,0.2
367,3.0,0.6000000000000001,0.0,0.639,0.30000000000000004,0.2
368,4.0,0.6000000000000001,0.0,0.656,0.30000000000000004,0.2
369,5.0,0.6000000000000001,0.0,0.679,0.30000000000000004,0.2
370,1.0,0.6000000000000001,0.0,0.513,0.4000000000000001,0.2
371,2.0,0.6000000000000001,0.0,0.603,0.4000000000000001,0.2
372,3.0,0.6000000000000001,0.0,0.637,0.4000000000000001,0.2
373,4.0,0.6000000000000001,0.0,0.659,0.4000000000000001,0.2
374,5.0,0.6000000000000001,0.0,0.68,0.4000000000000001,0.2
375,1.0,0.6000000000000001,0.0,0.525,0.5000000000000001,0.2
376,2.0,0.6000000000000001,0.0,0.615,0.5000000000000001,0.2
377,3.0,0.6000000000000001,0.0,0.649,0.5000000000000001,0.2
378,4.0,0.6000000000000001,0.0,0.661,0.5000000000000001,0.2
379,5.0,0.6000000000000001,0.0,0.681,0.5000000000000001,0.2
380,1.0,0.6000000000000001,0.0,0.525,0.6000000000000001,0.2
381,2.0,0.6000000000000001,0.0,0.613,0.6000000000000001,0.2
382,3.0,0.6000000000000001,0.0,0.646,0.6000000000000001,0.2
383,4.0,0.6000000000000001,0.0,0.66,0.6000000000000001,0.2
384,5.0,0.6000000000000001,0.0,0.681,0.6000000000000001,0.2
385,1.0,0.6000000000000001,0.0,0.527,0.7000000000000002,0.2
386,2.0,0.6000000000000001,0.0,0.613,0.7000000000000002,0.2
387,3.0,0.6000000000000001,0.0,0.654,0.7000000000000002,0.2
388,4.0,0.6000000000000001,0.0,0.662,0.7000000000000002,0.2
389,5.0,0.6000000000000001,0.0,0.676,0.7000000000000002,0.2
390,1.0,0.6000000000000001,0.0,0.525,0.8000000000000003,0.2
391,2.0,0.6000000000000001,0.0,0.621,0.8000000000000003,0.2
392,3.0,0.6000000000000001,0.0,0.648,0.8000000000000003,0.2
393,4.0,0.6000000000000001,0.0,0.659,0.8000000000000003,0.2
394,5.0,0.6000000000000001,0.0,0.674,0.8000000000000003,0.2
395,1.0,0.6000000000000001,0.0,0.525,0.9000000000000001,0.2
396,2.0,0.6000000000000001,0.0,0.617,0.9000000000000001,0.2
397,3.0,0.6000000000000001,0.0,0.644,0.9000000000000001,0.2
398,4.0,0.6000000000000001,0.0,0.659,0.9000000000000001,0.2
399,5.0,0.6000000000000001,0.0,0.676,0.9000000000000001,0.2
400,1.0,0.6000000000000001,0.0,0.525,1.0000000000000002,0.2
401,2.0,0.6000000000000001,0.0,0.618,1.0000000000000002,0.2
402,3.0,0.6000000000000001,0.0,0.649,1.0000000000000002,0.2
403,4.0,0.6000000000000001,0.0,0.662,1.0000000000000002,0.2
404,5.0,0.6000000000000001,0.0,0.68,1.0000000000000002,0.2
405,1.0,0.6000000000000001,0.0,0.523,1.1000000000000003,0.2
406,2.0,0.6000000000000001,0.0,0.614,1.1000000000000003,0.2
407,3.0,0.6000000000000001,0.0,0.649,1.1000000000000003,0.2
408,4.0,0.6000000000000001,0.0,0.659,1.1000000000000003,0.2
409,5.0,0.6000000000000001,0.0,0.675,1.1000000000000003,0.2
410,1.0,0.6000000000000001,0.0,0.516,1.2000000000000004,0.2
411,2.0,0.6000000000000001,0.0,0.605,1.2000000000000004,0.2
412,3.0,0.6000000000000001,0.0,0.641,1.2000000000000004,0.2
413,4.0,0.6000000000000001,0.0,0.655,1.2000000000000004,0.2
414,5.0,0.6000000000000001,0.0,0.663,1.2000000000000004,0.2
415,1.0,0.6000000000000001,0.0,0.523,1.3000000000000003,0.2
416,2.0,0.6000000000000001,0.0,0.605,1.3000000000000003,0.2
417,3.0,0.6000000000000001,0.0,0.643,1.3000000000000003,0.2
418,4.0,0.6000000000000001,0.0,0.657,1.3000000000000003,0.2
419,5.0,0.6000000000000001,0.0,0.671,1.3000000000000003,0.2
420,1.0,0.6000000000000001,0.0,0.535,1.4000000000000004,0.2
421,2.0,0.6000000000000001,0.0,0.624,1.4000000000000004,0.2
422,3.0,0.6000000000000001,0.0,0.649,1.4000000000000004,0.2
423,4.0,0.6000000000000001,0.0,0.666,1.4000000000000004,0.2
424,5.0,0.6000000000000001,0.0,0.677,1.4000000000000004,0.2
425,1.0,0.6000000000000001,0.0,0.527,1.5000000000000004,0.2
426,2.0,0.6000000000000001,0.0,0.613,1.5000000000000004,0.2
427,3.0,0.6000000000000001,0.0,0.651,1.5000000000000004,0.2
428,4.0,0.6000000000000001,0.0,0.665,1.5000000000000004,0.2
429,5.0,0.6000000000000001,0.0,0.682,1.5000000000000004,0.2
430,1.0,0.6000000000000001,0.0,0.527,1.6000000000000003,0.2
431,2.0,0.6000000000000001,0.0,0.626,1.6000000000000003,0.2
432,3.0,0.6000000000000001,0.0,0.659,1.6000000000000003,0.2
433,4.0,0.6000000000000001,0.0,0.667,1.6000000000000003,0.2
434,5.0,0.6000000000000001,0.0,0.683,1.6000000000000003,0.2
435,1.0,0.6000000000000001,0.0,0.526,1.7000000000000004,0.2
436,2.0,0.6000000000000001,0.0,0.62,1.7000000000000004,0.2
437,3.0,0.6000000000000001,0.0,0.65,1.7000000000000004,0.2
438,4.0,0.6000000000000001,0.0,0.671,1.7000000000000004,0.2
439,5.0,0.6000000000000001,0.0,0.684,1.7000000000000004,0.2
440,1.0,0.6000000000000001,0.0,0.523,1.8000000000000005,0.2
441,2.0,0.6000000000000001,0.0,0.614,1.8000000000000005,0.2
442,3.0,0.6000000000000001,0.0,0.652,1.8000000000000005,0.2
443,4.0,0.6000000000000001,0.0,0.669,1.8000000000000005,0.2
444,5.0,0.6000000000000001,0.0,0.675,1.8000000000000005,0.2
445,1.0,0.6000000000000001,0.0,0.521,1.9000000000000006,0.2
446,2.0,0.6000000000000001,0.0,0.607,1.9000000000000006,0.2
447,3.0,0.6000000000000001,0.0,0.642,1.9000000000000006,0.2
448,4.0,0.6000000000000001,0.0,0.657,1.9000000000000006,0.2
449,5.0,0.6000000000000001,0.0,0.675,1.9000000000000006,0.2
450,1.0,0.7000000000000002,0.0,0.512,0.2,0.2
451,2.0,0.7000000000000002,0.0,0.599,0.2,0.2
452,3.0,0.7000000000000002,0.0,0.637,0.2,0.2
453,4.0,0.7000000000000002,0.0,0.663,0.2,0.2
454,5.0,0.7000000000000002,0.0,0.686,0.2,0.2
455,1.0,0.7000000000000002,0.0,0.513,0.30000000000000004,0.2
456,2.0,0.7000000000000002,0.0,0.601,0.30000000000000004,0.2
457,3.0,0.7000000000000002,0.0,0.637,0.30000000000000004,0.2
458,4.0,0.7000000000000002,0.0,0.664,0.30000000000000004,0.2
459,5.0,0.7000000000000002,0.0,0.693,0.30000000000000004,0.2
460,1.0,0.7000000000000002,0.0,0.5,0.4000000000000001,0.2
461,2.0,0.7000000000000002,0.0,0.597,0.4000000000000001,0.2
462,3.0,0.7000000000000002,0.0,0.641,0.4000000000000001,0.2
463,4.0,0.7000000000000002,0.0,0.66,0.4000000000000001,0.2
464,5.0,0.7000000000000002,0.0,0.687,0.4000000000000001,0.2
465,1.0,0.7000000000000002,0.0,0.503,0.5000000000000001,0.2
466,2.0,0.7000000000000002,0.0,0.611,0.5000000000000001,0.2
467,3.0,0.7000000000000002,0.0,0.65,0.5000000000000001,0.2
468,4.0,0.7000000000000002,0.0,0.661,0.5000000000000001,0.2
469,5.0,0.7000000000000002,0.0,0.687,0.5000000000000001,0.2
470,1.0,0.7000000000000002,0.0,0.522,0.6000000000000001,0.2
471,2.0,0.7000000000000002,0.0,0.614,0.6000000000000001,0.2
472,3.0,0.7000000000000002,0.0,0.647,0.6000000000000001,0.2
473,4.0,0.7000000000000002,0.0,0.661,0.6000000000000001,0.2
474,5.0,0.7000000000000002,0.0,0.684,0.6000000000000001,0.2
475,1.0,0.7000000000000002,0.0,0.522,0.7000000000000002,0.2
476,2.0,0.7000000000000002,0.0,0.614,0.7000000000000002,0.2
477,3.0,0.7000000000000002,0.0,0.645,0.7000000000000002,0.2
478,4.0,0.7000000000000002,0.0,0.663,0.7000000000000002,0.2
479,5.0,0.7000000000000002,0.0,0.685,0.7000000000000002,0.2
480,1.0,0.7000000000000002,0.0,0.525,0.8000000000000003,0.2
481,2.0,0.7000000000000002,0.0,0.613,0.8000000000000003,0.2
482,3.0,0.7000000000000002,0.0,0.65,0.8000000000000003,0.2
483,4.0,0.7000000000000002,0.0,0.666,0.8000000000000003,0.2
484,5.0,0.7000000000000002,0.0,0.681,0.8000000000000003,0.2
485,1.0,0.7000000000000002,0.0,0.515,0.9000000000000001,0.2
486,2.0,0.7000000000000002,0.0,0.607,0.9000000000000001,0.2
487,3.0,0.7000000000000002,0.0,0.649,0.9000000000000001,0.2
488,4.0,0.7000000000000002,0.0,0.66,0.9000000000000001,0.2
489,5.0,0.7000000000000002,0.0,0.68,0.9000000000000001,0.2
490,1.0,0.7000000000000002,0.0,0.515,1.0000000000000002,0.2
491,2.0,0.7000000000000002,0.0,0.615,1.0000000000000002,0.2
492,3.0,0.7000000000000002,0.0,0.65,1.0000000000000002,0.2
493,4.0,0.7000000000000002,0.0,0.658,1.0000000000000002,0.2
494,5.0,0.7000000000000002,0.0,0.674,1.0000000000000002,0.2
495,1.0,0.7000000000000002,0.0,0.523,1.1000000000000003,0.2
496,2.0,0.7000000000000002,0.0,0.613,1.1000000000000003,0.2
497,3.0,0.7000000000000002,0.0,0.645,1.1000000000000003,0.2
498,4.0,0.7000000000000002,0.0,0.666,1.1000000000000003,0.2
499,5.0,0.7000000000000002,0.0,0.684,1.1000000000000003,0.2
500,1.0,0.7000000000000002,0.0,0.52,1.2000000000000004,0.2
501,2.0,0.7000000000000002,0.0,0.599,1.2000000000000004,0.2
502,3.0,0.7000000000000002,0.0,0.643,1.2000000000000004,0.2
503,4.0,0.7000000000000002,0.0,0.659,1.2000000000000004,0.2
504,5.0,0.7000000000000002,0.0,0.668,1.2000000000000004,0.2
505,1.0,0.7000000000000002,0.0,0.521,1.3000000000000003,0.2
506,2.0,0.7000000000000002,0.0,0.606,1.3000000000000003,0.2
507,3.0,0.7000000000000002,0.0,0.646,1.3000000000000003,0.2
508,4.0,0.7000000000000002,0.0,0.658,1.3000000000000003,0.2
509,5.0,0.7000000000000002,0.0,0.677,1.3000000000000003,0.2
510,1.0,0.7000000000000002,0.0,0.535,1.4000000000000004,0.2
511,2.0,0.7000000000000002,0.0,0.618,1.4000000000000004,0.2
512,3.0,0.7000000000000002,0.0,0.657,1.4000000000000004,0.2
513,4.0,0.7000000000000002,0.0,0.671,1.4000000000000004,0.2
514,5.0,0.7000000000000002,0.0,0.681,1.4000000000000004,0.2
515,1.0,0.7000000000000002,0.0,0.531,1.5000000000000004,0.2
516,2.0,0.7000000000000002,0.0,0.617,1.5000000000000004,0.2
517,3.0,0.7000000000000002,0.0,0.654,1.5000000000000004,0.2
518,4.0,0.7000000000000002,0.0,0.668,1.5000000000000004,0.2
519,5.0,0.7000000000000002,0.0,0.684,1.5000000000000004,0.2
520,1.0,0.7000000000000002,0.0,0.527,1.6000000000000003,0.2
521,2.0,0.7000000000000002,0.0,0.623,1.6000000000000003,0.2
522,3.0,0.7000000000000002,0.0,0.662,1.6000000000000003,0.2
523,4.0,0.7000000000000002,0.0,0.673,1.6000000000000003,0.2
524,5.0,0.7000000000000002,0.0,0.688,1.6000000000000003,0.2
525,1.0,0.7000000000000002,0.0,0.526,1.7000000000000004,0.2
526,2.0,0.7000000000000002,0.0,0.615,1.7000000000000004,0.2
527,3.0,0.7000000000000002,0.0,0.652,1.7000000000000004,0.2
528,4.0,0.7000000000000002,0.0,0.671,1.7000000000000004,0.2
529,5.0,0.7000000000000002,0.0,0.687,1.7000000000000004,0.2
530,1.0,0.7000000000000002,0.0,0.522,1.8000000000000005,0.2
531,2.0,0.7000000000000002,0.0,0.616,1.8000000000000005,0.2
532,3.0,0.7000000000000002,0.0,0.652,1.8000000000000005,0.2
533,4.0,0.7000000000000002,0.0,0.667,1.8000000000000005,0.2
534,5.0,0.7000000000000002,0.0,0.682,1.8000000000000005,0.2
535,1.0,0.7000000000000002,0.0,0.525,1.9000000000000006,0.2
536,2.0,0.7000000000000002,0.0,0.609,1.9000000000000006,0.2
537,3.0,0.7000000000000002,0.0,0.644,1.9000000000000006,0.2
538,4.0,0.7000000000000002,0.0,0.663,1.9000000000000006,0.2
539,5.0,0.7000000000000002,0.0,0.681,1.9000000000000006,0.2
540,1.0,0.8000000000000003,0.0,0.511,0.2,0.2
541,2.0,0.8000000000000003,0.0,0.593,0.2,0.2
542,3.0,0.8000000000000003,0.0,0.635,0.2,0.2
543,4.0,0.8000000000000003,0.0,0.658,0.2,0.2
544,5.0,0.8000000000000003,0.0,0.702,0.2,0.2
545,1.0,0.8000000000000003,0.0,0.502,0.30000000000000004,0.2
546,2.0,0.8000000000000003,0.0,0.599,0.30000000000000004,0.2
547,3.0,0.8000000000000003,0.0,0.638,0.30000000000000004,0.2
548,4.0,0.8000000000000003,0.0,0.659,0.30000000000000004,0.2
549,5.0,0.8000000000000003,0.0,0.704,0.30000000000000004,0.2
550,1.0,0.8000000000000003,0.0,0.507,0.4000000000000001,0.2
551,2.0,0.8000000000000003,0.0,0.595,0.4000000000000001,0.2
552,3.0,0.8000000000000003,0.0,0.636,0.4000000000000001,0.2
553,4.0,0.8000000000000003,0.0,0.658,0.4000000000000001,0.2
554,5.0,0.8000000000000003,0.0,0.696,0.4000000000000001,0.2
555,1.0,0.8000000000000003,0.0,0.503,0.5000000000000001,0.2
556,2.0,0.8000000000000003,0.0,0.599,0.5000000000000001,0.2
557,3.0,0.8000000000000003,0.0,0.647,0.5000000000000001,0.2
558,4.0,0.8000000000000003,0.0,0.67,0.5000000000000001,0.2
559,5.0,0.8000000000000003,0.0,0.695,0.5000000000000001,0.2
560,1.0,0.8000000000000003,0.0,0.51,0.6000000000000001,0.2
561,2.0,0.8000000000000003,0.0,0.603,0.6000000000000001,0.2
562,3.0,0.8000000000000003,0.0,0.642,0.6000000000000001,0.2
563,4.0,0.8000000000000003,0.0,0.669,0.6000000000000001,0.2
564,5.0,0.8000000000000003,0.0,0.69,0.6000000000000001,0.2
565,1.0,0.8000000000000003,0.0,0.529,0.7000000000000002,0.2
566,2.0,0.8000000000000003,0.0,0.612,0.7000000000000002,0.2
567,3.0,0.8000000000000003,0.0,0.649,0.7000000000000002,0.2
568,4.0,0.8000000000000003,0.0,0.663,0.7000000000000002,0.2
569,5.0,0.8000000000000003,0.0,0.683,0.7000000000000002,0.2
570,1.0,0.8000000000000003,0.0,0.517,0.8000000000000003,0.2
571,2.0,0.8000000000000003,0.0,0.605,0.8000000000000003,0.2
572,3.0,0.8000000000000003,0.0,0.652,0.8000000000000003,0.2
573,4.0,0.8000000000000003,0.0,0.67,0.8000000000000003,0.2
574,5.0,0.8000000000000003,0.0,0.69,0.8000000000000003,0.2
575,1.0,0.8000000000000003,0.0,0.51,0.9000000000000001,0.2
576,2.0,0.8000000000000003,0.0,0.6,0.9000000000000001,0.2
577,3.0,0.8000000000000003,0.0,0.648,0.9000000000000001,0.2
578,4.0,0.8000000000000003,0.0,0.661,0.9000000000000001,0.2
579,5.0,0.8000000000000003,0.0,0.682,0.9000000000000001,0.2
580,1.0,0.8000000000000003,0.0,0.515,1.0000000000000002,0.2
581,2.0,0.8000000000000003,0.0,0.613,1.0000000000000002,0.2
582,3.0,0.8000000000000003,0.0,0.651,1.0000000000000002,0.2
583,4.0,0.8000000000000003,0.0,0.668,1.0000000000000002,0.2
584,5.0,0.8000000000000003,0.0,0.687,1.0000000000000002,0.2
585,1.0,0.8000000000000003,0.0,0.514,1.1000000000000003,0.2
586,2.0,0.8000000000000003,0.0,0.608,1.1000000000000003,0.2
587,3.0,0.8000000000000003,0.0,0.651,1.1000000000000003,0.2
588,4.0,0.8000000000000003,0.0,0.663,1.1000000000000003,0.2
589,5.0,0.8000000000000003,0.0,0.691,1.1000000000000003,0.2
590,1.0,0.8000000000000003,0.0,0.513,1.2000000000000004,0.2
591,2.0,0.8000000000000003,0.0,0.601,1.2000000000000004,0.2
592,3.0,0.8000000000000003,0.0,0.642,1.2000000000000004,0.2
593,4.0,0.8000000000000003,0.0,0.653,1.2000000000000004,0.2
594,5.0,0.8000000000000003,0.0,0.674,1.2000000000000004,0.2
595,1.0,0.8000000000000003,0.0,0.517,1.3000000000000003,0.2
596,2.0,0.8000000000000003,0.0,0.606,1.3000000000000003,0.2
597,3.0,0.8000000000000003,0.0,0.651,1.3000000000000003,0.2
598,4.0,0.8000000000000003,0.0,0.649,1.3000000000000003,0.2
599,5.0,0.8000000000000003,0.0,0.678,1.3000000000000003,0.2
600,1.0,0.8000000000000003,0.0,0.522,1.4000000000000004,0.2
601,2.0,0.8000000000000003,0.0,0.618,1.4000000000000004,0.2
602,3.0,0.8000000000000003,0.0,0.662,1.4000000000000004,0.2
603,4.0,0.8000000000000003,0.0,0.666,1.4000000000000004,0.2
604,5.0,0.8000000000000003,0.0,0.677,1.4000000000000004,0.2
605,1.0,0.8000000000000003,0.0,0.526,1.5000000000000004,0.2
606,2.0,0.8000000000000003,0.0,0.615,1.5000000000000004,0.2
607,3.0,0.8000000000000003,0.0,0.661,1.5000000000000004,0.2
608,4.0,0.8000000000000003,0.0,0.675,1.5000000000000004,0.2
609,5.0,0.8000000000000003,0.0,0.702,1.5000000000000004,0.2
610,1.0,0.8000000000000003,0.0,0.518,1.6000000000000003,0.2
611,2.0,0.8000000000000003,0.0,0.621,1.6000000000000003,0.2
612,3.0,0.8000000000000003,0.0,0.657,1.6000000000000003,0.2
613,4.0,0.8000000000000003,0.0,0.673,1.6000000000000003,0.2
614,5.0,0.8000000000000003,0.0,0.69,1.6000000000000003,0.2
615,1.0,0.8000000000000003,0.0,0.519,1.7000000000000004,0.2
616,2.0,0.8000000000000003,0.0,0.612,1.7000000000000004,0.2
617,3.0,0.8000000000000003,0.0,0.651,1.7000000000000004,0.2
618,4.0,0.8000000000000003,0.0,0.671,1.7000000000000004,0.2
619,5.0,0.8000000000000003,0.0,0.693,1.7000000000000004,0.2
620,1.0,0.8000000000000003,0.0,0.519,1.8000000000000005,0.2
621,2.0,0.8000000000000003,0.0,0.619,1.8000000000000005,0.2
622,3.0,0.8000000000000003,0.0,0.65,1.8000000000000005,0.2
623,4.0,0.8000000000000003,0.0,0.664,1.8000000000000005,0.2
624,5.0,0.8000000000000003,0.0,0.685,1.8000000000000005,0.2
625,1.0,0.8000000000000003,0.0,0.519,1.9000000000000006,0.2
626,2.0,0.8000000000000003,0.0,0.61,1.9000000000000006,0.2
627,3.0,0.8000000000000003,0.0,0.643,1.9000000000000006,0.2
628,4.0,0.8000000000000003,0.0,0.661,1.9000000000000006,0.2
629,5.0,0.8000000000000003,0.0,0.676,1.9000000000000006,0.2
630,1.0,0.9000000000000001,0.0,0.494,0.2,0.2
631,2.0,0.9000000000000001,0.0,0.588,0.2,0.2
632,3.0,0.9000000000000001,0.0,0.626,0.2,0.2
633,4.0,0.9000000000000001,0.0,0.653,0.2,0.2
634,5.0,0.9000000000000001,0.0,0.703,0.2,0.2
635,1.0,0.9000000000000001,0.0,0.497,0.30000000000000004,0.2
636,2.0,0.9000000000000001,0.0,0.587,0.30000000000000004,0.2
637,3.0,0.9000000000000001,0.0,0.631,0.30000000000000004,0.2
638,4.0,0.9000000000000001,0.0,0.651,0.30000000000000004,0.2
639,5.0,0.9000000000000001,0.0,0.706,0.30000000000000004,0.2
640,1.0,0.9000000000000001,0.0,0.491,0.4000000000000001,0.2
641,2.0,0.9000000000000001,0.0,0.59,0.4000000000000001,0.2
642,3.0,0.9000000000000001,0.0,0.633,0.4000000000000001,0.2
643,4.0,0.9000000000000001,0.0,0.655,0.4000000000000001,0.2
644,5.0,0.9000000000000001,0.0,0.702,0.4000000000000001,0.2
645,1.0,0.9000000000000001,0.0,0.483,0.5000000000000001,0.2
646,2.0,0.9000000000000001,0.0,0.597,0.5000000000000001,0.2
647,3.0,0.9000000000000001,0.0,0.642,0.5000000000000001,0.2
648,4.0,0.9000000000000001,0.0,0.657,0.5000000000000001,0.2
649,5.0,0.9000000000000001,0.0,0.706,0.5000000000000001,0.2
650,1.0,0.9000000000000001,0.0,0.507,0.6000000000000001,0.2
651,2.0,0.9000000000000001,0.0,0.605,0.6000000000000001,0.2
652,3.0,0.9000000000000001,0.0,0.636,0.6000000000000001,0.2
653,4.0,0.9000000000000001,0.0,0.66,0.6000000000000001,0.2
654,5.0,0.9000000000000001,0.0,0.693,0.6000000000000001,0.2
655,1.0,0.9000000000000001,0.0,0.518,0.7000000000000002,0.2
656,2.0,0.9000000000000001,0.0,0.605,0.7000000000000002,0.2
657,3.0,0.9000000000000001,0.0,0.647,0.7000000000000002,0.2
658,4.0,0.9000000000000001,0.0,0.66,0.7000000000000002,0.2
659,5.0,0.9000000000000001,0.0,0.69,0.7000000000000002,0.2
660,1.0,0.9000000000000001,0.0,0.511,0.8000000000000003,0.2
661,2.0,0.9000000000000001,0.0,0.608,0.8000000000000003,0.2
662,3.0,0.9000000000000001,0.0,0.648,0.8000000000000003,0.2
663,4.0,0.9000000000000001,0.0,0.663,0.8000000000000003,0.2
664,5.0,0.9000000000000001,0.0,0.689,0.8000000000000003,0.2
665,1.0,0.9000000000000001,0.0,0.511,0.9000000000000001,0.2
666,2.0,0.9000000000000001,0.0,0.593,0.9000000000000001,0.2
667,3.0,0.9000000000000001,0.0,0.642,0.9000000000000001,0.2
668,4.0,0.9000000000000001,0.0,0.664,0.9000000000000001,0.2
669,5.0,0.9000000000000001,0.0,0.689,0.9000000000000001,0.2
670,1.0,0.9000000000000001,0.0,0.501,1.0000000000000002,0.2
671,2.0,0.9000000000000001,0.0,0.607,1.0000000000000002,0.2
672,3.0,0.9000000000000001,0.0,0.653,1.0000000000000002,0.2
673,4.0,0.9000000000000001,0.0,0.662,1.0000000000000002,0.2
674,5.0,0.9000000000000001,0.0,0.686,1.0000000000000002,0.2
675,1.0,0.9000000000000001,0.0,0.505,1.1000000000000003,0.2
676,2.0,0.9000000000000001,0.0,0.6,1.1000000000000003,0.2
677,3.0,0.9000000000000001,0.0,0.646,1.1000000000000003,0.2
678,4.0,0.9000000000000001,0.0,0.674,1.1000000000000003,0.2
679,5.0,0.9000000000000001,0.0,0.69,1.1000000000000003,0.2
680,1.0,0.9000000000000001,0.0,0.502,1.2000000000000004,0.2
681,2.0,0.9000000000000001,0.0,0.593,1.2000000000000004,0.2
682,3.0,0.9000000000000001,0.0,0.638,1.2000000000000004,0.2
683,4.0,0.9000000000000001,0.0,0.656,1.2000000000000004,0.2
684,5.0,0.9000000000000001,0.0,0.674,1.2000000000000004,0.2
685,1.0,0.9000000000000001,0.0,0.508,1.3000000000000003,0.2
686,2.0,0.9000000000000001,0.0,0.596,1.3000000000000003,0.2
687,3.0,0.9000000000000001,0.0,0.643,1.3000000000000003,0.2
688,4.0,0.9000000000000001,0.0,0.651,1.3000000000000003,0.2
689,5.0,0.9000000000000001,0.0,0.673,1.3000000000000003,0.2
690,1.0,0.9000000000000001,0.0,0.511,1.4000000000000004,0.2
691,2.0,0.9000000000000001,0.0,0.619,1.4000000000000004,0.2
692,3.0,0.9000000000000001,0.0,0.657,1.4000000000000004,0.2
693,4.0,0.9000000000000001,0.0,0.668,1.4000000000000004,0.2
694,5.0,0.9000000000000001,0.0,0.688,1.4000000000000004,0.2
695,1.0,0.9000000000000001,0.0,0.515,1.5000000000000004,0.2
696,2.0,0.9000000000000001,0.0,0.613,1.5000000000000004,0.2
697,3.0,0.9000000000000001,0.0,0.656,1.5000000000000004,0.2
698,4.0,0.9000000000000001,0.0,0.676,1.5000000000000004,0.2
699,5.0,0.9000000000000001,0.0,0.704,1.5000000000000004,0.2
700,1.0,0.9000000000000001,0.0,0.509,1.6000000000000003,0.2
701,2.0,0.9000000000000001,0.0,0.616,1.6000000000000003,0.2
702,3.0,0.9000000000000001,0.0,0.655,1.6000000000000003,0.2
703,4.0,0.9000000000000001,0.0,0.674,1.6000000000000003,0.2
704,5.0,0.9000000000000001,0.0,0.692,1.6000000000000003,0.2
705,1.0,0.9000000000000001,0.0,0.522,1.7000000000000004,0.2
706,2.0,0.9000000000000001,0.0,0.614,1.7000000000000004,0.2
707,3.0,0.9000000000000001,0.0,0.652,1.7000000000000004,0.2
708,4.0,0.9000000000000001,0.0,0.674,1.7000000000000004,0.2
709,5.0,0.9000000000000001,0.0,0.688,1.7000000000000004,0.2
710,1.0,0.9000000000000001,0.0,0.51,1.8000000000000005,0.2
711,2.0,0.9000000000000001,0.0,0.607,1.8000000000000005,0.2
712,3.0,0.9000000000000001,0.0,0.648,1.8000000000000005,0.2
713,4.0,0.9000000000000001,0.0,0.668,1.8000000000000005,0.2
714,5.0,0.9000000000000001,0.0,0.687,1.8000000000000005,0.2
715,1.0,0.9000000000000001,0.0,0.509,1.9000000000000006,0.2
716,2.0,0.9000000000000001,0.0,0.604,1.9000000000000006,0.2
717,3.0,0.9000000000000001,0.0,0.64,1.9000000000000006,0.2
718,4.0,0.9000000000000001,0.0,0.666,1.9000000000000006,0.2
719,5.0,0.9000000000000001,0.0,0.684,1.9000000000000006,0.2
720,1.0,1.0000000000000002,0.0,0.488,0.2,0.2
721,2.0,1.0000000000000002,0.0,0.573,0.2,0.2
722,3.0,1.0000000000000002,0.0,0.62,0.2,0.2
723,4.0,1.0000000000000002,0.0,0.643,0.2,0.2
724,5.0,1.0000000000000002,0.0,0.709,0.2,0.2
725,1.0,1.0000000000000002,0.0,0.483,0.30000000000000004,0.2
726,2.0,1.0000000000000002,0.0,0.579,0.30000000000000004,0.2
727,3.0,1.0000000000000002,0.0,0.619,0.30000000000000004,0.2
728,4.0,1.0000000000000002,0.0,0.644,0.30000000000000004,0.2
729,5.0,1.0000000000000002,0.0,0.714,0.30000000000000004,0.2
730,1.0,1.0000000000000002,0.0,0.48,0.4000000000000001,0.2
731,2.0,1.0000000000000002,0.0,0.57,0.4000000000000001,0.2
732,3.0,1.0000000000000002,0.0,0.627,0.4000000000000001,0.2
733,4.0,1.0000000000000002,0.0,0.647,0.4000000000000001,0.2
734,5.0,1.0000000000000002,0.0,0.7,0.4000000000000001,0.2
735,1.0,1.0000000000000002,0.0,0.479,0.5000000000000001,0.2
736,2.0,1.0000000000000002,0.0,0.592,0.5000000000000001,0.2
737,3.0,1.0000000000000002,0.0,0.637,0.5000000000000001,0.2
738,4.0,1.0000000000000002,0.0,0.651,0.5000000000000001,0.2
739,5.0,1.0000000000000002,0.0,0.71,0.5000000000000001,0.2
740,1.0,1.0000000000000002,0.0,0.494,0.6000000000000001,0.2
741,2.0,1.0000000000000002,0.0,0.585,0.6000000000000001,0.2
742,3.0,1.0000000000000002,0.0,0.634,0.6000000000000001,0.2
743,4.0,1.0000000000000002,0.0,0.657,0.6000000000000001,0.2
744,5.0,1.0000000000000002,0.0,0.694,0.6000000000000001,0.2
745,1.0,1.0000000000000002,0.0,0.501,0.7000000000000002,0.2
746,2.0,1.0000000000000002,0.0,0.598,0.7000000000000002,0.2
747,3.0,1.0000000000000002,0.0,0.642,0.7000000000000002,0.2
748,4.0,1.0000000000000002,0.0,0.656,0.7000000000000002,0.2
749,5.0,1.0000000000000002,0.0,0.697,0.7000000000000002,0.2
750,1.0,1.0000000000000002,0.0,0.504,0.8000000000000003,0.2
751,2.0,1.0000000000000002,0.0,0.599,0.8000000000000003,0.2
752,3.0,1.0000000000000002,0.0,0.646,0.8000000000000003,0.2
753,4.0,1.0000000000000002,0.0,0.665,0.8000000000000003,0.2
754,5.0,1.0000000000000002,0.0,0.694,0.8000000000000003,0.2
755,1.0,1.0000000000000002,0.0,0.503,0.9000000000000001,0.2
756,2.0,1.0000000000000002,0.0,0.578,0.9000000000000001,0.2
757,3.0,1.0000000000000002,0.0,0.633,0.9000000000000001,0.2
758,4.0,1.0000000000000002,0.0,0.653,0.9000000000000001,0.2
759,5.0,1.0000000000000002,0.0,0.687,0.9000000000000001,0.2
760,1.0,1.0000000000000002,0.0,0.49,1.0000000000000002,0.2
761,2.0,1.0000000000000002,0.0,0.593,1.0000000000000002,0.2
762,3.0,1.0000000000000002,0.0,0.642,1.0000000000000002,0.2
763,4.0,1.0000000000000002,0.0,0.664,1.0000000000000002,0.2
764,5.0,1.0000000000000002,0.0,0.68,1.0000000000000002,0.2
765,1.0,1.0000000000000002,0.0,0.503,1.1000000000000003,0.2
766,2.0,1.0000000000000002,0.0,0.596,1.1000000000000003,0.2
767,3.0,1.0000000000000002,0.0,0.643,1.1000000000000003,0.2
768,4.0,1.0000000000000002,0.0,0.668,1.1000000000000003,0.2
769,5.0,1.0000000000000002,0.0,0.696,1.1000000000000003,0.2
770,1.0,1.0000000000000002,0.0,0.49,1.2000000000000004,0.2
771,2.0,1.0000000000000002,0.0,0.592,1.2000000000000004,0.2
772,3.0,1.0000000000000002,0.0,0.631,1.2000000000000004,0.2
773,4.0,1.0000000000000002,0.0,0.648,1.2000000000000004,0.2
774,5.0,1.0000000000000002,0.0,0.674,1.2000000000000004,0.2
775,1.0,1.0000000000000002,0.0,0.497,1.3000000000000003,0.2
776,2.0,1.0000000000000002,0.0,0.592,1.3000000000000003,0.2
777,3.0,1.0000000000000002,0.0,0.637,1.3000000000000003,0.2
778,4.0,1.0000000000000002,0.0,0.649,1.3000000000000003,0.2
779,5.0,1.0000000000000002,0.0,0.67,1.3000000000000003,0.2
780,1.0,1.0000000000000002,0.0,0.51,1.4000000000000004,0.2
781,2.0,1.0000000000000002,0.0,0.608,1.4000000000000004,0.2
782,3.0,1.0000000000000002,0.0,0.649,1.4000000000000004,0.2
783,4.0,1.0000000000000002,0.0,0.663,1.4000000000000004,0.2
784,5.0,1.0000000000000002,0.0,0.692,1.4000000000000004,0.2
785,1.0,1.0000000000000002,0.0,0.509,1.5000000000000004,0.2
786,2.0,1.0000000000000002,0.0,0.607,1.5000000000000004,0.2
787,3.0,1.0000000000000002,0.0,0.656,1.5000000000000004,0.2
788,4.0,1.0000000000000002,0.0,0.673,1.5000000000000004,0.2
789,5.0,1.0000000000000002,0.0,0.696,1.5000000000000004,0.2
790,1.0,1.0000000000000002,0.0,0.511,1.6000000000000003,0.2
791,2.0,1.0000000000000002,0.0,0.606,1.6000000000000003,0.2
792,3.0,1.0000000000000002,0.0,0.657,1.6000000000000003,0.2
793,4.0,1.0000000000000002,0.0,0.664,1.6000000000000003,0.2
794,5.0,1.0000000000000002,0.0,0.694,1.6000000000000003,0.2
795,1.0,1.0000000000000002,0.0,0.505,1.7000000000000004,0.2
796,2.0,1.0000000000000002,0.0,0.608,1.7000000000000004,0.2
797,3.0,1.0000000000000002,0.0,0.65,1.7000000000000004,0.2
798,4.0,1.0000000000000002,0.0,0.665,1.7000000000000004,0.2
799,5.0,1.0000000000000002,0.0,0.688,1.7000000000000004,0.2
800,1.0,1.0000000000000002,0.0,0.506,1.8000000000000005,0.2
801,2.0,1.0000000000000002,0.0,0.601,1.8000000000000005,0.2
802,3.0,1.0000000000000002,0.0,0.64,1.8000000000000005,0.2
803,4.0,1.0000000000000002,0.0,0.667,1.8000000000000005,0.2
804,5.0,1.0000000000000002,0.0,0.686,1.8000000000000005,0.2
805,1.0,1.0000000000000002,0.0,0.501,1.9000000000000006,0.2
806,2.0,1.0000000000000002,0.0,0.604,1.9000000000000006,0.2
807,3.0,1.0000000000000002,0.0,0.633,1.9000000000000006,0.2
808,4.0,1.0000000000000002,0.0,0.656,1.9000000000000006,0.2
809,5.0,1.0000000000000002,0.0,0.684,1.9000000000000006,0.2
810,1.0,1.1000000000000003,0.0,0.48,0.2,0.2
811,2.0,1.1000000000000003,0.0,0.563,0.2,0.2
812,3.0,1.1000000000000003,0.0,0.61,0.2,0.2
813,4.0,1.1000000000000003,0.0,0.637,0.2,0.2
814,5.0,1.1000000000000003,0.0,0.705,0.2,0.2
815,1.0,1.1000000000000003,0.0,0.48,0.30000000000000004,0.2
816,2.0,1.1000000000000003,0.0,0.563,0.30000000000000004,0.2
817,3.0,1.1000000000000003,0.0,0.604,0.30000000000000004,0.2
818,4.0,1.1000000000000003,0.0,0.633,0.30000000000000004,0.2
819,5.0,1.1000000000000003,0.0,0.701,0.30000000000000004,0.2
820,1.0,1.1000000000000003,0.0,0.47,0.4000000000000001,0.2
821,2.0,1.1000000000000003,0.0,0.56,0.4000000000000001,0.2
822,3.0,1.1000000000000003,0.0,0.607,0.4000000000000001,0.2
823,4.0,1.1000000000000003,0.0,0.641,0.4000000000000001,0.2
824,5.0,1.1000000000000003,0.0,0.698,0.4000000000000001,0.2
825,1.0,1.1000000000000003,0.0,0.46,0.5000000000000001,0.2
826,2.0,1.1000000000000003,0.0,0.575,0.5000000000000001,0.2
827,3.0,1.1000000000000003,0.0,0.623,0.5000000000000001,0.2
828,4.0,1.1000000000000003,0.0,0.641,0.5000000000000001,0.2
829,5.0,1.1000000000000003,0.0,0.695,0.5000000000000001,0.2
830,1.0,1.1000000000000003,0.0,0.477,0.6000000000000001,0.2
831,2.0,1.1000000000000003,0.0,0.565,0.6000000000000001,0.2
832,3.0,1.1000000000000003,0.0,0.624,0.6000000000000001,0.2
833,4.0,1.1000000000000003,0.0,0.644,0.6000000000000001,0.2
834,5.0,1.1000000000000003,0.0,0.688,0.6000000000000001,0.2
835,1.0,1.1000000000000003,0.0,0.486,0.7000000000000002,0.2
836,2.0,1.1000000000000003,0.0,0.583,0.7000000000000002,0.2
837,3.0,1.1000000000000003,0.0,0.631,0.7000000000000002,0.2
838,4.0,1.1000000000000003,0.0,0.649,0.7000000000000002,0.2
839,5.0,1.1000000000000003,0.0,0.699,0.7000000000000002,0.2
840,1.0,1.1000000000000003,0.0,0.489,0.8000000000000003,0.2
841,2.0,1.1000000000000003,0.0,0.585,0.8000000000000003,0.2
842,3.0,1.1000000000000003,0.0,0.63,0.8000000000000003,0.2
843,4.0,1.1000000000000003,0.0,0.65,0.8000000000000003,0.2
844,5.0,1.1000000000000003,0.0,0.694,0.8000000000000003,0.2
845,1.0,1.1000000000000003,0.0,0.479,0.9000000000000001,0.2
846,2.0,1.1000000000000003,0.0,0.572,0.9000000000000001,0.2
847,3.0,1.1000000000000003,0.0,0.618,0.9000000000000001,0.2
848,4.0,1.1000000000000003,0.0,0.643,0.9000000000000001,0.2
849,5.0,1.1000000000000003,0.0,0.687,0.9000000000000001,0.2
850,1.0,1.1000000000000003,0.0,0.493,1.0000000000000002,0.2
851,2.0,1.1000000000000003,0.0,0.58,1.0000000000000002,0.2
852,3.0,1.1000000000000003,0.0,0.635,1.0000000000000002,0.2
853,4.0,1.1000000000000003,0.0,0.651,1.0000000000000002,0.2
854,5.0,1.1000000000000003,0.0,0.679,1.0000000000000002,0.2
855,1.0,1.1000000000000003,0.0,0.484,1.1000000000000003,0.2
856,2.0,1.1000000000000003,0.0,0.58,1.1000000000000003,0.2
857,3.0,1.1000000000000003,0.0,0.628,1.1000000000000003,0.2
858,4.0,1.1000000000000003,0.0,0.649,1.1000000000000003,0.2
859,5.0,1.1000000000000003,0.0,0.686,1.1000000000000003,0.2
860,1.0,1.1000000000000003,0.0,0.478,1.2000000000000004,0.2
861,2.0,1.1000000000000003,0.0,0.58,1.2000000000000004,0.2
862,3.0,1.1000000000000003,0.0,0.622,1.2000000000000004,0.2
863,4.0,1.1000000000000003,0.0,0.644,1.2000000000000004,0.2
864,5.0,1.1000000000000003,0.0,0.663,1.2000000000000004,0.2
865,1.0,1.1000000000000003,0.0,0.487,1.3000000000000003,0.2
866,2.0,1.1000000000000003,0.0,0.579,1.3000000000000003,0.2
867,3.0,1.1000000000000003,0.0,0.618,1.3000000000000003,0.2
868,4.0,1.1000000000000003,0.0,0.639,1.3000000000000003,0.2
869,5.0,1.1000000000000003,0.0,0.667,1.3000000000000003,0.2
870,1.0,1.1000000000000003,0.0,0.488,1.4000000000000004,0.2
871,2.0,1.1000000000000003,0.0,0.592,1.4000000000000004,0.2
872,3.0,1.1000000000000003,0.0,0.636,1.4000000000000004,0.2
873,4.0,1.1000000000000003,0.0,0.648,1.4000000000000004,0.2
874,5.0,1.1000000000000003,0.0,0.676,1.4000000000000004,0.2
875,1.0,1.1000000000000003,0.0,0.493,1.5000000000000004,0.2
876,2.0,1.1000000000000003,0.0,0.593,1.5000000000000004,0.2
877,3.0,1.1000000000000003,0.0,0.642,1.5000000000000004,0.2
878,4.0,1.1000000000000003,0.0,0.659,1.5000000000000004,0.2
879,5.0,1.1000000000000003,0.0,0.688,1.5000000000000004,0.2
880,1.0,1.1000000000000003,0.0,0.491,1.6000000000000003,0.2
881,2.0,1.1000000000000003,0.0,0.588,1.6000000000000003,0.2
882,3.0,1.1000000000000003,0.0,0.639,1.6000000000000003,0.2
883,4.0,1.1000000000000003,0.0,0.66,1.6000000000000003,0.2
884,5.0,1.1000000000000003,0.0,0.683,1.6000000000000003,0.2
885,1.0,1.1000000000000003,0.0,0.497,1.7000000000000004,0.2
886,2.0,1.1000000000000003,0.0,0.588,1.7000000000000004,0.2
887,3.0,1.1000000000000003,0.0,0.636,1.7000000000000004,0.2
888,4.0,1.1000000000000003,0.0,0.653,1.7000000000000004,0.2
889,5.0,1.1000000000000003,0.0,0.677,1.7000000000000004,0.2
890,1.0,1.1000000000000003,0.0,0.49,1.8000000000000005,0.2
891,2.0,1.1000000000000003,0.0,0.597,1.8000000000000005,0.2
892,3.0,1.1000000000000003,0.0,0.629,1.8000000000000005,0.2
893,4.0,1.1000000000000003,0.0,0.654,1.8000000000000005,0.2
894,5.0,1.1000000000000003,0.0,0.681,1.8000000000000005,0.2
895,1.0,1.1000000000000003,0.0,0.495,1.9000000000000006,0.2
896,2.0,1.1000000000000003,0.0,0.582,1.9000000000000006,0.2
897,3.0,1.1000000000000003,0.0,0.632,1.9000000000000006,0.2
898,4.0,1.1000000000000003,0.0,0.648,1.9000000000000006,0.2
899,5.0,1.1000000000000003,0.0,0.673,1.9000000000000006,0.2
900,1.0,1.2000000000000004,0.0,0.463,0.2,0.2
901,2.0,1.2000000000000004,0.0,0.545,0.2,0.2
902,3.0,1.2000000000000004,0.0,0.591,0.2,0.2
903,4.0,1.2000000000000004,0.0,0.619,0.2,0.2
904,5.0,1.2000000000000004,0.0,0.693,0.2,0.2
905,1.0,1.2000000000000004,0.0,0.458,0.30000000000000004,0.2
906,2.0,1.2000000000000004,0.0,0.552,0.30000000000000004,0.2
907,3.0,1.2000000000000004,0.0,0.593,0.30000000000000004,0.2
908,4.0,1.2000000000000004,0.0,0.617,0.30000000000000004,0.2
909,5.0,1.2000000000000004,0.0,0.686,0.30000000000000004,0.2
910,1.0,1.2000000000000004,0.0,0.449,0.4000000000000001,0.2
911,2.0,1.2000000000000004,0.0,0.547,0.4000000000000001,0.2
912,3.0,1.2000000000000004,0.0,0.592,0.4000000000000001,0.2
913,4.0,1.2000000000000004,0.0,0.623,0.4000000000000001,0.2
914,5.0,1.2000000000000004,0.0,0.685,0.4000000000000001,0.2
915,1.0,1.2000000000000004,0.0,0.457,0.5000000000000001,0.2
916,2.0,1.2000000000000004,0.0,0.562,0.5000000000000001,0.2
917,3.0,1.2000000000000004,0.0,0.6,0.5000000000000001,0.2
918,4.0,1.2000000000000004,0.0,0.627,0.5000000000000001,0.2
919,5.0,1.2000000000000004,0.0,0.686,0.5000000000000001,0.2
920,1.0,1.2000000000000004,0.0,0.461,0.6000000000000001,0.2
921,2.0,1.2000000000000004,0.0,0.552,0.6000000000000001,0.2
922,3.0,1.2000000000000004,0.0,0.603,0.6000000000000001,0.2
923,4.0,1.2000000000000004,0.0,0.625,0.6000000000000001,0.2
924,5.0,1.2000000000000004,0.0,0.672,0.6000000000000001,0.2
925,1.0,1.2000000000000004,0.0,0.473,0.7000000000000002,0.2
926,2.0,1.2000000000000004,0.0,0.563,0.7000000000000002,0.2
927,3.0,1.2000000000000004,0.0,0.612,0.7000000000000002,0.2
928,4.0,1.2000000000000004,0.0,0.632,0.7000000000000002,0.2
929,5.0,1.2000000000000004,0.0,0.672,0.7000000000000002,0.2
930,1.0,1.2000000000000004,0.0,0.462,0.8000000000000003,0.2
931,2.0,1.2000000000000004,0.0,0.562,0.8000000000000003,0.2
932,3.0,1.2000000000000004,0.0,0.614,0.8000000000000003,0.2
933,4.0,1.2000000000000004,0.0,0.637,0.8000000000000003,0.2
934,5.0,1.2000000000000004,0.0,0.678,0.8000000000000003,0.2
935,1.0,1.2000000000000004,0.0,0.469,0.9000000000000001,0.2
936,2.0,1.2000000000000004,0.0,0.557,0.9000000000000001,0.2
937,3.0,1.2000000000000004,0.0,0.612,0.9000000000000001,0.2
938,4.0,1.2000000000000004,0.0,0.634,0.9000000000000001,0.2
939,5.0,1.2000000000000004,0.0,0.674,0.9000000000000001,0.2
940,1.0,1.2000000000000004,0.0,0.468,1.0000000000000002,0.2
941,2.0,1.2000000000000004,0.0,0.568,1.0000000000000002,0.2
942,3.0,1.2000000000000004,0.0,0.616,1.0000000000000002,0.2
943,4.0,1.2000000000000004,0.0,0.636,1.0000000000000002,0.2
944,5.0,1.2000000000000004,0.0,0.656,1.0000000000000002,0.2
945,1.0,1.2000000000000004,0.0,0.477,1.1000000000000003,0.2
946,2.0,1.2000000000000004,0.0,0.566,1.1000000000000003,0.2
947,3.0,1.2000000000000004,0.0,0.618,1.1000000000000003,0.2
948,4.0,1.2000000000000004,0.0,0.634,1.1000000000000003,0.2
949,5.0,1.2000000000000004,0.0,0.668,1.1000000000000003,0.2
950,1.0,1.2000000000000004,0.0,0.469,1.2000000000000004,0.2
951,2.0,1.2000000000000004,0.0,0.554,1.2000000000000004,0.2
952,3.0,1.2000000000000004,0.0,0.605,1.2000000000000004,0.2
953,4.0,1.2000000000000004,0.0,0.628,1.2000000000000004,0.2
954,5.0,1.2000000000000004,0.0,0.651,1.2000000000000004,0.2
955,1.0,1.2000000000000004,0.0,0.475,1.3000000000000003,0.2
956,2.0,1.2000000000000004,0.0,0.557,1.3000000000000003,0.2
957,3.0,1.2000000000000004,0.0,0.602,1.3000000000000003,0.2
958,4.0,1.2000000000000004,0.0,0.625,1.3000000000000003,0.2
959,5.0,1.2000000000000004,0.0,0.652,1.3000000000000003,0.2
960,1.0,1.2000000000000004,0.0,0.478,1.4000000000000004,0.2
961,2.0,1.2000000000000004,0.0,0.575,1.4000000000000004,0.2
962,3.0,1.2000000000000004,0.0,0.619,1.4000000000000004,0.2
963,4.0,1.2000000000000004,0.0,0.633,1.4000000000000004,0.2
964,5.0,1.2000000000000004,0.0,0.664,1.4000000000000004,0.2
965,1.0,1.2000000000000004,0.0,0.472,1.5000000000000004,0.2
966,2.0,1.2000000000000004,0.0,0.577,1.5000000000000004,0.2
967,3.0,1.2000000000000004,0.0,0.62,1.5000000000000004,0.2
968,4.0,1.2000000000000004,0.0,0.639,1.5000000000000004,0.2
969,5.0,1.2000000000000004,0.0,0.673,1.5000000000000004,0.2
970,1.0,1.2000000000000004,0.0,0.474,1.6000000000000003,0.2
971,2.0,1.2000000000000004,0.0,0.57,1.6000000000000003,0.2
972,3.0,1.2000000000000004,0.0,0.615,1.6000000000000003,0.2
973,4.0,1.2000000000000004,0.0,0.64,1.6000000000000003,0.2
974,5.0,1.2000000000000004,0.0,0.67,1.6000000000000003,0.2
975,1.0,1.2000000000000004,0.0,0.47,1.7000000000000004,0.2
976,2.0,1.2000000000000004,0.0,0.573,1.7000000000000004,0.2
977,3.0,1.2000000000000004,0.0,0.615,1.7000000000000004,0.2
978,4.0,1.2000000000000004,0.0,0.634,1.7000000000000004,0.2
979,5.0,1.2000000000000004,0.0,0.662,1.7000000000000004,0.2
980,1.0,1.2000000000000004,0.0,0.479,1.8000000000000005,0.2
981,2.0,1.2000000000000004,0.0,0.568,1.8000000000000005,0.2
982,3.0,1.2000000000000004,0.0,0.611,1.8000000000000005,0.2
983,4.0,1.2000000000000004,0.0,0.63,1.8000000000000005,0.2
984,5.0,1.2000000000000004,0.0,0.659,1.8000000000000005,0.2
985,1.0,1.2000000000000004,0.0,0.479,1.9000000000000006,0.2
986,2.0,1.2000000000000004,0.0,0.569,1.9000000000000006,0.2
987,3.0,1.2000000000000004,0.0,0.606,1.9000000000000006,0.2
988,4.0,1.2000000000000004,0.0,0.629,1.9000000000000006,0.2
989,5.0,1.2000000000000004,0.0,0.654,1.9000000000000006,0.2
990,1.0,1.3000000000000003,0.0,0.446,0.2,0.2
991,2.0,1.3000000000000003,0.0,0.532,0.2,0.2
992,3.0,1.3000000000000003,0.0,0.569,0.2,0.2
993,4.0,1.3000000000000003,0.0,0.604,0.2,0.2
994,5.0,1.3000000000000003,0.0,0.672,0.2,0.2
995,1.0,1.3000000000000003,0.0,0.447,0.30000000000000004,0.2
996,2.0,1.3000000000000003,0.0,0.537,0.30000000000000004,0.2
997,3.0,1.3000000000000003,0.0,0.566,0.30000000000000004,0.2
998,4.0,1.3000000000000003,0.0,0.61,0.30000000000000004,0.2
999,5.0,1.3000000000000003,0.0,0.665,0.30000000000000004,0.2
1000,1.0,1.3000000000000003,0.0,0.442,0.4000000000000001,0.2
1001,2.0,1.3000000000000003,0.0,0.525,0.4000000000000001,0.2
1002,3.0,1.3000000000000003,0.0,0.574,0.4000000000000001,0.2
1003,4.0,1.3000000000000003,0.0,0.601,0.4000000000000001,0.2
1004,5.0,1.3000000000000003,0.0,0.668,0.4000000000000001,0.2
1005,1.0,1.3000000000000003,0.0,0.432,0.5000000000000001,0.2
1006,2.0,1.3000000000000003,0.0,0.535,0.5000000000000001,0.2
1007,3.0,1.3000000000000003,0.0,0.585,0.5000000000000001,0.2
1008,4.0,1.3000000000000003,0.0,0.616,0.5000000000000001,0.2
1009,5.0,1.3000000000000003,0.0,0.665,0.5000000000000001,0.2
1010,1.0,1.3000000000000003,0.0,0.439,0.6000000000000001,0.2
1011,2.0,1.3000000000000003,0.0,0.539,0.6000000000000001,0.2
1012,3.0,1.3000000000000003,0.0,0.581,0.6000000000000001,0.2
1013,4.0,1.3000000000000003,0.0,0.604,0.6000000000000001,0.2
1014,5.0,1.3000000000000003,0.0,0.66,0.6000000000000001,0.2
1015,1.0,1.3000000000000003,0.0,0.442,0.7000000000000002,0.2
1016,2.0,1.3000000000000003,0.0,0.547,0.7000000000000002,0.2
1017,3.0,1.3000000000000003,0.0,0.595,0.7000000000000002,0.2
1018,4.0,1.3000000000000003,0.0,0.612,0.7000000000000002,0.2
1019,5.0,1.3000000000000003,0.0,0.654,0.7000000000000002,0.2
1020,1.0,1.3000000000000003,0.0,0.447,0.8000000000000003,0.2
1021,2.0,1.3000000000000003,0.0,0.532,0.8000000000000003,0.2
1022,3.0,1.3000000000000003,0.0,0.594,0.8000000000000003,0.2
1023,4.0,1.3000000000000003,0.0,0.617,0.8000000000000003,0.2
1024,5.0,1.3000000000000003,0.0,0.65,0.8000000000000003,0.2
1025,1.0,1.3000000000000003,0.0,0.456,0.9000000000000001,0.2
1026,2.0,1.3000000000000003,0.0,0.542,0.9000000000000001,0.2
1027,3.0,1.3000000000000003,0.0,0.587,0.9000000000000001,0.2
1028,4.0,1.3000000000000003,0.0,0.612,0.9000000000000001,0.2
1029,5.0,1.3000000000000003,0.0,0.657,0.9000000000000001,0.2
1030,1.0,1.3000000000000003,0.0,0.458,1.0000000000000002,0.2
1031,2.0,1.3000000000000003,0.0,0.543,1.0000000000000002,0.2
1032,3.0,1.3000000000000003,0.0,0.596,1.0000000000000002,0.2
1033,4.0,1.3000000000000003,0.0,0.629,1.0000000000000002,0.2
1034,5.0,1.3000000000000003,0.0,0.643,1.0000000000000002,0.2
1035,1.0,1.3000000000000003,0.0,0.451,1.1000000000000003,0.2
1036,2.0,1.3000000000000003,0.0,0.552,1.1000000000000003,0.2
1037,3.0,1.3000000000000003,0.0,0.594,1.1000000000000003,0.2
1038,4.0,1.3000000000000003,0.0,0.617,1.1000000000000003,0.2
1039,5.0,1.3000000000000003,0.0,0.651,1.1000000000000003,0.2
1040,1.0,1.3000000000000003,0.0,0.453,1.2000000000000004,0.2
1041,2.0,1.3000000000000003,0.0,0.54,1.2000000000000004,0.2
1042,3.0,1.3000000000000003,0.0,0.591,1.2000000000000004,0.2
1043,4.0,1.3000000000000003,0.0,0.608,1.2000000000000004,0.2
1044,5.0,1.3000000000000003,0.0,0.638,1.2000000000000004,0.2
1045,1.0,1.3000000000000003,0.0,0.454,1.3000000000000003,0.2
1046,2.0,1.3000000000000003,0.0,0.544,1.3000000000000003,0.2
1047,3.0,1.3000000000000003,0.0,0.58,1.3000000000000003,0.2
1048,4.0,1.3000000000000003,0.0,0.608,1.3000000000000003,0.2
1049,5.0,1.3000000000000003,0.0,0.638,1.3000000000000003,0.2
1050,1.0,1.3000000000000003,0.0,0.469,1.4000000000000004,0.2
1051,2.0,1.3000000000000003,0.0,0.555,1.4000000000000004,0.2
1052,3.0,1.3000000000000003,0.0,0.604,1.4000000000000004,0.2
1053,4.0,1.3000000000000003,0.0,0.613,1.4000000000000004,0.2
1054,5.0,1.3000000000000003,0.0,0.636,1.4000000000000004,0.2
1055,1.0,1.3000000000000003,0.0,0.459,1.5000000000000004,0.2
1056,2.0,1.3000000000000003,0.0,0.56,1.5000000000000004,0.2
1057,3.0,1.3000000000000003,0.0,0.602,1.5000000000000004,0.2
1058,4.0,1.3000000000000003,0.0,0.627,1.5000000000000004,0.2
1059,5.0,1.3000000000000003,0.0,0.653,1.5000000000000004,0.2
1060,1.0,1.3000000000000003,0.0,0.466,1.6000000000000003,0.2
1061,2.0,1.3000000000000003,0.0,0.554,1.6000000000000003,0.2
1062,3.0,1.3000000000000003,0.0,0.602,1.6000000000000003,0.2
1063,4.0,1.3000000000000003,0.0,0.623,1.6000000000000003,0.2
1064,5.0,1.3000000000000003,0.0,0.649,1.6000000000000003,0.2
1065,1.0,1.3000000000000003,0.0,0.461,1.7000000000000004,0.2
1066,2.0,1.3000000000000003,0.0,0.547,1.7000000000000004,0.2
1067,3.0,1.3000000000000003,0.0,0.593,1.7000000000000004,0.2
1068,4.0,1.3000000000000003,0.0,0.613,1.7000000000000004,0.2
1069,5.0,1.3000000000000003,0.0,0.638,1.7000000000000004,0.2
1070,1.0,1.3000000000000003,0.0,0.462,1.8000000000000005,0.2
1071,2.0,1.3000000000000003,0.0,0.55,1.8000000000000005,0.2
1072,3.0,1.3000000000000003,0.0,0.59,1.8000000000000005,0.2
1073,4.0,1.3000000000000003,0.0,0.603,1.8000000000000005,0.2
1074,5.0,1.3000000000000003,0.0,0.643,1.8000000000000005,0.2
1075,1.0,1.3000000000000003,0.0,0.46,1.9000000000000006,0.2
1076,2.0,1.3000000000000003,0.0,0.548,1.9000000000000006,0.2
1077,3.0,1.3000000000000003,0.0,0.585,1.9000000000000006,0.2
1078,4.0,1.3000000000000003,0.0,0.601,1.9000000000000006,0.2
1079,5.0,1.3000000000000003,0.0,0.631,1.9000000000000006,0.2
1080,1.0,1.4000000000000004,0.0,0.427,0.2,0.2
1081,2.0,1.4000000000000004,0.0,0.51,0.2,0.2
1082,3.0,1.4000000000000004,0.0,0.552,0.2,0.2
1083,4.0,1.4000000000000004,0.0,0.575,0.2,0.2
1084,5.0,1.4000000000000004,0.0,0.644,0.2,0.2
1085,1.0,1.4000000000000004,0.0,0.431,0.30000000000000004,0.2
1086,2.0,1.4000000000000004,0.0,0.528,0.30000000000000004,0.2
1087,3.0,1.4000000000000004,0.0,0.55,0.30000000000000004,0.2
1088,4.0,1.4000000000000004,0.0,0.577,0.30000000000000004,0.2
1089,5.0,1.4000000000000004,0.0,0.644,0.30000000000000004,0.2
1090,1.0,1.4000000000000004,0.0,0.423,0.4000000000000001,0.2
1091,2.0,1.4000000000000004,0.0,0.51,0.4000000000000001,0.2
1092,3.0,1.4000000000000004,0.0,0.555,0.4000000000000001,0.2
1093,4.0,1.4000000000000004,0.0,0.584,0.4000000000000001,0.2
1094,5.0,1.4000000000000004,0.0,0.649,0.4000000000000001,0.2
1095,1.0,1.4000000000000004,0.0,0.421,0.5000000000000001,0.2
1096,2.0,1.4000000000000004,0.0,0.515,0.5000000000000001,0.2
1097,3.0,1.4000000000000004,0.0,0.556,0.5000000000000001,0.2
1098,4.0,1.4000000000000004,0.0,0.594,0.5000000000000001,0.2
1099,5.0,1.4000000000000004,0.0,0.646,0.5000000000000001,0.2
1100,1.0,1.4000000000000004,0.0,0.431,0.6000000000000001,0.2
1101,2.0,1.4000000000000004,0.0,0.517,0.6000000000000001,0.2
1102,3.0,1.4000000000000004,0.0,0.558,0.6000000000000001,0.2
1103,4.0,1.4000000000000004,0.0,0.586,0.6000000000000001,0.2
1104,5.0,1.4000000000000004,0.0,0.641,0.6000000000000001,0.2
1105,1.0,1.4000000000000004,0.0,0.437,0.7000000000000002,0.2
1106,2.0,1.4000000000000004,0.0,0.514,0.7000000000000002,0.2
1107,3.0,1.4000000000000004,0.0,0.564,0.7000000000000002,0.2
1108,4.0,1.4000000000000004,0.0,0.59,0.7000000000000002,0.2
1109,5.0,1.4000000000000004,0.0,0.644,0.7000000000000002,0.2
1110,1.0,1.4000000000000004,0.0,0.432,0.8000000000000003,0.2
1111,2.0,1.4000000000000004,0.0,0.521,0.8000000000000003,0.2
1112,3.0,1.4000000000000004,0.0,0.557,0.8000000000000003,0.2
1113,4.0,1.4000000000000004,0.0,0.587,0.8000000000000003,0.2
1114,5.0,1.4000000000000004,0.0,0.617,0.8000000000000003,0.2
1115,1.0,1.4000000000000004,0.0,0.434,0.9000000000000001,0.2
1116,2.0,1.4000000000000004,0.0,0.523,0.9000000000000001,0.2
1117,3.0,1.4000000000000004,0.0,0.57,0.9000000000000001,0.2
1118,4.0,1.4000000000000004,0.0,0.584,0.9000000000000001,0.2
1119,5.0,1.4000000000000004,0.0,0.638,0.9000000000000001,0.2
1120,1.0,1.4000000000000004,0.0,0.437,1.0000000000000002,0.2
1121,2.0,1.4000000000000004,0.0,0.518,1.0000000000000002,0.2
1122,3.0,1.4000000000000004,0.0,0.57,1.0000000000000002,0.2
1123,4.0,1.4000000000000004,0.0,0.599,1.0000000000000002,0.2
1124,5.0,1.4000000000000004,0.0,0.615,1.0000000000000002,0.2
1125,1.0,1.4000000000000004,0.0,0.436,1.1000000000000003,0.2
1126,2.0,1.4000000000000004,0.0,0.531,1.1000000000000003,0.2
1127,3.0,1.4000000000000004,0.0,0.577,1.1000000000000003,0.2
1128,4.0,1.4000000000000004,0.0,0.59,1.1000000000000003,0.2
1129,5.0,1.4000000000000004,0.0,0.629,1.1000000000000003,0.2
1130,1.0,1.4000000000000004,0.0,0.436,1.2000000000000004,0.2
1131,2.0,1.4000000000000004,0.0,0.518,1.2000000000000004,0.2
1132,3.0,1.4000000000000004,0.0,0.555,1.2000000000000004,0.2
1133,4.0,1.4000000000000004,0.0,0.583,1.2000000000000004,0.2
1134,5.0,1.4000000000000004,0.0,0.621,1.2000000000000004,0.2
1135,1.0,1.4000000000000004,0.0,0.435,1.3000000000000003,0.2
1136,2.0,1.4000000000000004,0.0,0.528,1.3000000000000003,0.2
1137,3.0,1.4000000000000004,0.0,0.566,1.3000000000000003,0.2
1138,4.0,1.4000000000000004,0.0,0.584,1.3000000000000003,0.2
1139,5.0,1.4000000000000004,0.0,0.604,1.3000000000000003,0.2
1140,1.0,1.4000000000000004,0.0,0.44,1.4000000000000004,0.2
1141,2.0,1.4000000000000004,0.0,0.53,1.4000000000000004,0.2
1142,3.0,1.4000000000000004,0.0,0.58,1.4000000000000004,0.2
1143,4.0,1.4000000000000004,0.0,0.6,1.4000000000000004,0.2
1144,5.0,1.4000000000000004,0.0,0.627,1.4000000000000004,0.2
1145,1.0,1.4000000000000004,0.0,0.45,1.5000000000000004,0.2
1146,2.0,1.4000000000000004,0.0,0.541,1.5000000000000004,0.2
1147,3.0,1.4000000000000004,0.0,0.584,1.5000000000000004,0.2
1148,4.0,1.4000000000000004,0.0,0.608,1.5000000000000004,0.2
1149,5.0,1.4000000000000004,0.0,0.633,1.5000000000000004,0.2
1150,1.0,1.4000000000000004,0.0,0.45,1.6000000000000003,0.2
1151,2.0,1.4000000000000004,0.0,0.53,1.6000000000000003,0.2
1152,3.0,1.4000000000000004,0.0,0.577,1.6000000000000003,0.2
1153,4.0,1.4000000000000004,0.0,0.594,1.6000000000000003,0.2
1154,5.0,1.4000000000000004,0.0,0.633,1.6000000000000003,0.2
1155,1.0,1.4000000000000004,0.0,0.441,1.7000000000000004,0.2
1156,2.0,1.4000000000000004,0.0,0.53,1.7000000000000004,0.2
1157,3.0,1.4000000000000004,0.0,0.57,1.7000000000000004,0.2
1158,4.0,1.4000000000000004,0.0,0.581,1.7000000000000004,0.2
1159,5.0,1.4000000000000004,0.0,0.609,1.7000000000000004,0.2
1160,1.0,1.4000000000000004,0.0,0.448,1.8000000000000005,0.2
1161,2.0,1.4000000000000004,0.0,0.53,1.8000000000000005,0.2
1162,3.0,1.4000000000000004,0.0,0.575,1.8000000000000005,0.2
1163,4.0,1.4000000000000004,0.0,0.586,1.8000000000000005,0.2
1164,5.0,1.4000000000000004,0.0,0.618,1.8000000000000005,0.2
1165,1.0,1.4000000000000004,0.0,0.438,1.9000000000000006,0.2
1166,2.0,1.4000000000000004,0.0,0.525,1.9000000000000006,0.2
1167,3.0,1.4000000000000004,0.0,0.564,1.9000000000000006,0.2
1168,4.0,1.4000000000000004,0.0,0.584,1.9000000000000006,0.2
1169,5.0,1.4000000000000004,0.0,0.616,1.9000000000000006,0.2
1170,1.0,1.5000000000000004,0.0,0.413,0.2,0.2
1171,2.0,1.5000000000000004,0.0,0.488,0.2,0.2
1172,3.0,1.5000000000000004,0.0,0.528,0.2,0.2
1173,4.0,1.5000000000000004,0.0,0.563,0.2,0.2
1174,5.0,1.5000000000000004,0.0,0.623,0.2,0.2
1175,1.0,1.5000000000000004,0.0,0.415,0.30000000000000004,0.2
1176,2.0,1.5000000000000004,0.0,0.504,0.30000000000000004,0.2
1177,3.0,1.5000000000000004,0.0,0.532,0.30000000000000004,0.2
1178,4.0,1.5000000000000004,0.0,0.563,0.30000000000000004,0.2
1179,5.0,1.5000000000000004,0.0,0.631,0.30000000000000004,0.2
1180,1.0,1.5000000000000004,0.0,0.406,0.4000000000000001,0.2
1181,2.0,1.5000000000000004,0.0,0.489,0.4000000000000001,0.2
1182,3.0,1.5000000000000004,0.0,0.534,0.4000000000000001,0.2
1183,4.0,1.5000000000000004,0.0,0.563,0.4000000000000001,0.2
1184,5.0,1.5000000000000004,0.0,0.625,0.4000000000000001,0.2
1185,1.0,1.5000000000000004,0.0,0.394,0.5000000000000001,0.2
1186,2.0,1.5000000000000004,0.0,0.489,0.5000000000000001,0.2
1187,3.0,1.5000000000000004,0.0,0.539,0.5000000000000001,0.2
1188,4.0,1.5000000000000004,0.0,0.565,0.5000000000000001,0.2
1189,5.0,1.5000000000000004,0.0,0.62,0.5000000000000001,0.2
1190,1.0,1.5000000000000004,0.0,0.407,0.6000000000000001,0.2
1191,2.0,1.5000000000000004,0.0,0.498,0.6000000000000001,0.2
1192,3.0,1.5000000000000004,0.0,0.532,0.6000000000000001,0.2
1193,4.0,1.5000000000000004,0.0,0.567,0.6000000000000001,0.2
1194,5.0,1.5000000000000004,0.0,0.616,0.6000000000000001,0.2
1195,1.0,1.5000000000000004,0.0,0.422,0.7000000000000002,0.2
1196,2.0,1.5000000000000004,0.0,0.504,0.7000000000000002,0.2
1197,3.0,1.5000000000000004,0.0,0.543,0.7000000000000002,0.2
1198,4.0,1.5000000000000004,0.0,0.565,0.7000000000000002,0.2
1199,5.0,1.5000000000000004,0.0,0.613,0.7000000000000002,0.2
1200,1.0,1.5000000000000004,0.0,0.41,0.8000000000000003,0.2
1201,2.0,1.5000000000000004,0.0,0.5,0.8000000000000003,0.2
1202,3.0,1.5000000000000004,0.0,0.543,0.8000000000000003,0.2
1203,4.0,1.5000000000000004,0.0,0.558,0.8000000000000003,0.2
1204,5.0,1.5000000000000004,0.0,0.6,0.8000000000000003,0.2
1205,1.0,1.5000000000000004,0.0,0.416,0.9000000000000001,0.2
1206,2.0,1.5000000000000004,0.0,0.502,0.9000000000000001,0.2
1207,3.0,1.5000000000000004,0.0,0.545,0.9000000000000001,0.2
1208,4.0,1.5000000000000004,0.0,0.57,0.9000000000000001,0.2
1209,5.0,1.5000000000000004,0.0,0.612,0.9000000000000001,0.2
1210,1.0,1.5000000000000004,0.0,0.423,1.0000000000000002,0.2
1211,2.0,1.5000000000000004,0.0,0.492,1.0000000000000002,0.2
1212,3.0,1.5000000000000004,0.0,0.541,1.0000000000000002,0.2
1213,4.0,1.5000000000000004,0.0,0.571,1.0000000000000002,0.2
1214,5.0,1.5000000000000004,0.0,0.604,1.0000000000000002,0.2
1215,1.0,1.5000000000000004,0.0,0.424,1.1000000000000003,0.2
1216,2.0,1.5000000000000004,0.0,0.504,1.1000000000000003,0.2
1217,3.0,1.5000000000000004,0.0,0.548,1.1000000000000003,0.2
1218,4.0,1.5000000000000004,0.0,0.569,1.1000000000000003,0.2
1219,5.0,1.5000000000000004,0.0,0.607,1.1000000000000003,0.2
1220,1.0,1.5000000000000004,0.0,0.426,1.2000000000000004,0.2
1221,2.0,1.5000000000000004,0.0,0.504,1.2000000000000004,0.2
1222,3.0,1.5000000000000004,0.0,0.544,1.2000000000000004,0.2
1223,4.0,1.5000000000000004,0.0,0.562,1.2000000000000004,0.2
1224,5.0,1.5000000000000004,0.0,0.593,1.2000000000000004,0.2
1225,1.0,1.5000000000000004,0.0,0.418,1.3000000000000003,0.2
1226,2.0,1.5000000000000004,0.0,0.505,1.3000000000000003,0.2
1227,3.0,1.5000000000000004,0.0,0.541,1.3000000000000003,0.2
1228,4.0,1.5000000000000004,0.0,0.563,1.3000000000000003,0.2
1229,5.0,1.5000000000000004,0.0,0.586,1.3000000000000003,0.2
1230,1.0,1.5000000000000004,0.0,0.424,1.4000000000000004,0.2
1231,2.0,1.5000000000000004,0.0,0.513,1.4000000000000004,0.2
1232,3.0,1.5000000000000004,0.0,0.556,1.4000000000000004,0.2
1233,4.0,1.5000000000000004,0.0,0.574,1.4000000000000004,0.2
1234,5.0,1.5000000000000004,0.0,0.603,1.4000000000000004,0.2
1235,1.0,1.5000000000000004,0.0,0.433,1.5000000000000004,0.2
1236,2.0,1.5000000000000004,0.0,0.509,1.5000000000000004,0.2
1237,3.0,1.5000000000000004,0.0,0.562,1.5000000000000004,0.2
1238,4.0,1.5000000000000004,0.0,0.581,1.5000000000000004,0.2
1239,5.0,1.5000000000000004,0.0,0.611,1.5000000000000004,0.2
1240,1.0,1.5000000000000004,0.0,0.43,1.6000000000000003,0.2
1241,2.0,1.5000000000000004,0.0,0.519,1.6000000000000003,0.2
1242,3.0,1.5000000000000004,0.0,0.558,1.6000000000000003,0.2
1243,4.0,1.5000000000000004,0.0,0.575,1.6000000000000003,0.2
1244,5.0,1.5000000000000004,0.0,0.611,1.6000000000000003,0.2
1245,1.0,1.5000000000000004,0.0,0.422,1.7000000000000004,0.2
1246,2.0,1.5000000000000004,0.0,0.511,1.7000000000000004,0.2
1247,3.0,1.5000000000000004,0.0,0.55,1.7000000000000004,0.2
1248,4.0,1.5000000000000004,0.0,0.561,1.7000000000000004,0.2
1249,5.0,1.5000000000000004,0.0,0.589,1.7000000000000004,0.2
1250,1.0,1.5000000000000004,0.0,0.424,1.8000000000000005,0.2
1251,2.0,1.5000000000000004,0.0,0.51,1.8000000000000005,0.2
1252,3.0,1.5000000000000004,0.0,0.546,1.8000000000000005,0.2
1253,4.0,1.5000000000000004,0.0,0.569,1.8000000000000005,0.2
1254,5.0,1.5000000000000004,0.0,0.586,1.8000000000000005,0.2
1255,1.0,1.5000000000000004,0.0,0.428,1.9000000000000006,0.2
1256,2.0,1.5000000000000004,0.0,0.507,1.9000000000000006,0.2
1257,3.0,1.5000000000000004,0.0,0.544,1.9000000000000006,0.2
1258,4.0,1.5000000000000004,0.0,0.565,1.9000000000000006,0.2
1259,5.0,1.5000000000000004,0.0,0.591,1.9000000000000006,0.2
1260,1.0,1.6000000000000003,0.0,0.391,0.2,0.2
1261,2.0,1.6000000000000003,0.0,0.483,0.2,0.2
1262,3.0,1.6000000000000003,0.0,0.515,0.2,0.2
1263,4.0,1.6000000000000003,0.0,0.545,0.2,0.2
1264,5.0,1.6000000000000003,0.0,0.605,0.2,0.2
1265,1.0,1.6000000000000003,0.0,0.402,0.30000000000000004,0.2
1266,2.0,1.6000000000000003,0.0,0.475,0.30000000000000004,0.2
1267,3.0,1.6000000000000003,0.0,0.511,0.30000000000000004,0.2
1268,4.0,1.6000000000000003,0.0,0.545,0.30000000000000004,0.2
1269,5.0,1.6000000000000003,0.0,0.606,0.30000000000000004,0.2
1270,1.0,1.6000000000000003,0.0,0.381,0.4000000000000001,0.2
1271,2.0,1.6000000000000003,0.0,0.472,0.4000000000000001,0.2
1272,3.0,1.6000000000000003,0.0,0.516,0.4000000000000001,0.2
1273,4.0,1.6000000000000003,0.0,0.543,0.4000000000000001,0.2
1274,5.0,1.6000000000000003,0.0,0.6,0.4000000000000001,0.2
1275,1.0,1.6000000000000003,0.0,0.385,0.5000000000000001,0.2
1276,2.0,1.6000000000000003,0.0,0.471,0.5000000000000001,0.2
1277,3.0,1.6000000000000003,0.0,0.516,0.5000000000000001,0.2
1278,4.0,1.6000000000000003,0.0,0.537,0.5000000000000001,0.2
1279,5.0,1.6000000000000003,0.0,0.601,0.5000000000000001,0.2
1280,1.0,1.6000000000000003,0.0,0.388,0.6000000000000001,0.2
1281,2.0,1.6000000000000003,0.0,0.475,0.6000000000000001,0.2
1282,3.0,1.6000000000000003,0.0,0.511,0.6000000000000001,0.2
1283,4.0,1.6000000000000003,0.0,0.537,0.6000000000000001,0.2
1284,5.0,1.6000000000000003,0.0,0.6,0.6000000000000001,0.2
1285,1.0,1.6000000000000003,0.0,0.395,0.7000000000000002,0.2
1286,2.0,1.6000000000000003,0.0,0.476,0.7000000000000002,0.2
1287,3.0,1.6000000000000003,0.0,0.516,0.7000000000000002,0.2
1288,4.0,1.6000000000000003,0.0,0.537,0.7000000000000002,0.2
1289,5.0,1.6000000000000003,0.0,0.589,0.7000000000000002,0.2
1290,1.0,1.6000000000000003,0.0,0.385,0.8000000000000003,0.2
1291,2.0,1.6000000000000003,0.0,0.478,0.8000000000000003,0.2
1292,3.0,1.6000000000000003,0.0,0.517,0.8000000000000003,0.2
1293,4.0,1.6000000000000003,0.0,0.539,0.8000000000000003,0.2
1294,5.0,1.6000000000000003,0.0,0.581,0.8000000000000003,0.2
1295,1.0,1.6000000000000003,0.0,0.397,0.9000000000000001,0.2
1296,2.0,1.6000000000000003,0.0,0.482,0.9000000000000001,0.2
1297,3.0,1.6000000000000003,0.0,0.529,0.9000000000000001,0.2
1298,4.0,1.6000000000000003,0.0,0.554,0.9000000000000001,0.2
1299,5.0,1.6000000000000003,0.0,0.583,0.9000000000000001,0.2
1300,1.0,1.6000000000000003,0.0,0.401,1.0000000000000002,0.2
1301,2.0,1.6000000000000003,0.0,0.478,1.0000000000000002,0.2
1302,3.0,1.6000000000000003,0.0,0.518,1.0000000000000002,0.2
1303,4.0,1.6000000000000003,0.0,0.547,1.0000000000000002,0.2
1304,5.0,1.6000000000000003,0.0,0.584,1.0000000000000002,0.2
1305,1.0,1.6000000000000003,0.0,0.405,1.1000000000000003,0.2
1306,2.0,1.6000000000000003,0.0,0.484,1.1000000000000003,0.2
1307,3.0,1.6000000000000003,0.0,0.527,1.1000000000000003,0.2
1308,4.0,1.6000000000000003,0.0,0.548,1.1000000000000003,0.2
1309,5.0,1.6000000000000003,0.0,0.586,1.1000000000000003,0.2
1310,1.0,1.6000000000000003,0.0,0.402,1.2000000000000004,0.2
1311,2.0,1.6000000000000003,0.0,0.479,1.2000000000000004,0.2
1312,3.0,1.6000000000000003,0.0,0.525,1.2000000000000004,0.2
1313,4.0,1.6000000000000003,0.0,0.544,1.2000000000000004,0.2
1314,5.0,1.6000000000000003,0.0,0.562,1.2000000000000004,0.2
1315,1.0,1.6000000000000003,0.0,0.396,1.3000000000000003,0.2
1316,2.0,1.6000000000000003,0.0,0.486,1.3000000000000003,0.2
1317,3.0,1.6000000000000003,0.0,0.514,1.3000000000000003,0.2
1318,4.0,1.6000000000000003,0.0,0.538,1.3000000000000003,0.2
1319,5.0,1.6000000000000003,0.0,0.568,1.3000000000000003,0.2
1320,1.0,1.6000000000000003,0.0,0.41,1.4000000000000004,0.2
1321,2.0,1.6000000000000003,0.0,0.495,1.4000000000000004,0.2
1322,3.0,1.6000000000000003,0.0,0.539,1.4000000000000004,0.2
1323,4.0,1.6000000000000003,0.0,0.549,1.4000000000000004,0.2
1324,5.0,1.6000000000000003,0.0,0.581,1.4000000000000004,0.2
1325,1.0,1.6000000000000003,0.0,0.408,1.5000000000000004,0.2
1326,2.0,1.6000000000000003,0.0,0.485,1.5000000000000004,0.2
1327,3.0,1.6000000000000003,0.0,0.539,1.5000000000000004,0.2
1328,4.0,1.6000000000000003,0.0,0.563,1.5000000000000004,0.2
1329,5.0,1.6000000000000003,0.0,0.588,1.5000000000000004,0.2
1330,1.0,1.6000000000000003,0.0,0.41,1.6000000000000003,0.2
1331,2.0,1.6000000000000003,0.0,0.495,1.6000000000000003,0.2
1332,3.0,1.6000000000000003,0.0,0.539,1.6000000000000003,0.2
1333,4.0,1.6000000000000003,0.0,0.554,1.6000000000000003,0.2
1334,5.0,1.6000000000000003,0.0,0.583,1.6000000000000003,0.2
1335,1.0,1.6000000000000003,0.0,0.409,1.7000000000000004,0.2
1336,2.0,1.6000000000000003,0.0,0.493,1.7000000000000004,0.2
1337,3.0,1.6000000000000003,0.0,0.528,1.7000000000000004,0.2
1338,4.0,1.6000000000000003,0.0,0.56,1.7000000000000004,0.2
1339,5.0,1.6000000000000003,0.0,0.575,1.7000000000000004,0.2
1340,1.0,1.6000000000000003,0.0,0.409,1.8000000000000005,0.2
1341,2.0,1.6000000000000003,0.0,0.491,1.8000000000000005,0.2
1342,3.0,1.6000000000000003,0.0,0.531,1.8000000000000005,0.2
1343,4.0,1.6000000000000003,0.0,0.544,1.8000000000000005,0.2
1344,5.0,1.6000000000000003,0.0,0.58,1.8000000000000005,0.2
1345,1.0,1.6000000000000003,0.0,0.401,1.9000000000000006,0.2
1346,2.0,1.6000000000000003,0.0,0.493,1.9000000000000006,0.2
1347,3.0,1.6000000000000003,0.0,0.518,1.9000000000000006,0.2
1348,4.0,1.6000000000000003,0.0,0.547,1.9000000000000006,0.2
1349,5.0,1.6000000000000003,0.0,0.578,1.9000000000000006,0.2
1350,1.0,1.7000000000000004,0.0,0.379,0.2,0.2
1351,2.0,1.7000000000000004,0.0,0.458,0.2,0.2
1352,3.0,1.7000000000000004,0.0,0.494,0.2,0.2
1353,4.0,1.7000000000000004,0.0,0.517,0.2,0.2
1354,5.0,1.7000000000000004,0.0,0.585,0.2,0.2
1355,1.0,1.7000000000000004,0.0,0.374,0.30000000000000004,0.2
1356,2.0,1.7000000000000004,0.0,0.455,0.30000000000000004,0.2
1357,3.0,1.7000000000000004,0.0,0.496,0.30000000000000004,0.2
1358,4.0,1.7000000000000004,0.0,0.518,0.30000000000000004,0.2
1359,5.0,1.7000000000000004,0.0,0.589,0.30000000000000004,0.2
1360,1.0,1.7000000000000004,0.0,0.363,0.4000000000000001,0.2
1361,2.0,1.7000000000000004,0.0,0.452,0.4000000000000001,0.2
1362,3.0,1.7000000000000004,0.0,0.504,0.4000000000000001,0.2
1363,4.0,1.7000000000000004,0.0,0.516,0.4000000000000001,0.2
1364,5.0,1.7000000000000004,0.0,0.576,0.4000000000000001,0.2
1365,1.0,1.7000000000000004,0.0,0.375,0.5000000000000001,0.2
1366,2.0,1.7000000000000004,0.0,0.451,0.5000000000000001,0.2
1367,3.0,1.7000000000000004,0.0,0.498,0.5000000000000001,0.2
1368,4.0,1.7000000000000004,0.0,0.522,0.5000000000000001,0.2
1369,5.0,1.7000000000000004,0.0,0.57,0.5000000000000001,0.2
1370,1.0,1.7000000000000004,0.0,0.368,0.6000000000000001,0.2
1371,2.0,1.7000000000000004,0.0,0.451,0.6000000000000001,0.2
1372,3.0,1.7000000000000004,0.0,0.491,0.6000000000000001,0.2
1373,4.0,1.7000000000000004,0.0,0.512,0.6000000000000001,0.2
1374,5.0,1.7000000000000004,0.0,0.569,0.6000000000000001,0.2
1375,1.0,1.7000000000000004,0.0,0.377,0.7000000000000002,0.2
1376,2.0,1.7000000000000004,0.0,0.457,0.7000000000000002,0.2
1377,3.0,1.7000000000000004,0.0,0.5,0.7000000000000002,0.2
1378,4.0,1.7000000000000004,0.0,0.521,0.7000000000000002,0.2
1379,5.0,1.7000000000000004,0.0,0.564,0.7000000000000002,0.2
1380,1.0,1.7000000000000004,0.0,0.374,0.8000000000000003,0.2
1381,2.0,1.7000000000000004,0.0,0.453,0.8000000000000003,0.2
1382,3.0,1.7000000000000004,0.0,0.498,0.8000000000000003,0.2
1383,4.0,1.7000000000000004,0.0,0.516,0.8000000000000003,0.2
1384,5.0,1.7000000000000004,0.0,0.556,0.8000000000000003,0.2
1385,1.0,1.7000000000000004,0.0,0.381,0.9000000000000001,0.2
1386,2.0,1.7000000000000004,0.0,0.458,0.9000000000000001,0.2
1387,3.0,1.7000000000000004,0.0,0.506,0.9000000000000001,0.2
1388,4.0,1.7000000000000004,0.0,0.532,0.9000000000000001,0.2
1389,5.0,1.7000000000000004,0.0,0.572,0.9000000000000001,0.2
1390,1.0,1.7000000000000004,0.0,0.378,1.0000000000000002,0.2
1391,2.0,1.7000000000000004,0.0,0.467,1.0000000000000002,0.2
1392,3.0,1.7000000000000004,0.0,0.501,1.0000000000000002,0.2
1393,4.0,1.7000000000000004,0.0,0.524,1.0000000000000002,0.2
1394,5.0,1.7000000000000004,0.0,0.56,1.0000000000000002,0.2
1395,1.0,1.7000000000000004,0.0,0.379,1.1000000000000003,0.2
1396,2.0,1.7000000000000004,0.0,0.468,1.1000000000000003,0.2
1397,3.0,1.7000000000000004,0.0,0.512,1.1000000000000003,0.2
1398,4.0,1.7000000000000004,0.0,0.524,1.1000000000000003,0.2
1399,5.0,1.7000000000000004,0.0,0.565,1.1000000000000003,0.2
1400,1.0,1.7000000000000004,0.0,0.383,1.2000000000000004,0.2
1401,2.0,1.7000000000000004,0.0,0.462,1.2000000000000004,0.2
1402,3.0,1.7000000000000004,0.0,0.502,1.2000000000000004,0.2
1403,4.0,1.7000000000000004,0.0,0.521,1.2000000000000004,0.2
1404,5.0,1.7000000000000004,0.0,0.556,1.2000000000000004,0.2
1405,1.0,1.7000000000000004,0.0,0.393,1.3000000000000003,0.2
1406,2.0,1.7000000000000004,0.0,0.457,1.3000000000000003,0.2
1407,3.0,1.7000000000000004,0.0,0.493,1.3000000000000003,0.2
1408,4.0,1.7000000000000004,0.0,0.52,1.3000000000000003,0.2
1409,5.0,1.7000000000000004,0.0,0.552,1.3000000000000003,0.2
1410,1.0,1.7000000000000004,0.0,0.397,1.4000000000000004,0.2
1411,2.0,1.7000000000000004,0.0,0.465,1.4000000000000004,0.2
1412,3.0,1.7000000000000004,0.0,0.516,1.4000000000000004,0.2
1413,4.0,1.7000000000000004,0.0,0.532,1.4000000000000004,0.2
1414,5.0,1.7000000000000004,0.0,0.559,1.4000000000000004,0.2
1415,1.0,1.7000000000000004,0.0,0.39,1.5000000000000004,0.2
1416,2.0,1.7000000000000004,0.0,0.466,1.5000000000000004,0.2
1417,3.0,1.7000000000000004,0.0,0.515,1.5000000000000004,0.2
1418,4.0,1.7000000000000004,0.0,0.541,1.5000000000000004,0.2
1419,5.0,1.7000000000000004,0.0,0.569,1.5000000000000004,0.2
1420,1.0,1.7000000000000004,0.0,0.394,1.6000000000000003,0.2
1421,2.0,1.7000000000000004,0.0,0.474,1.6000000000000003,0.2
1422,3.0,1.7000000000000004,0.0,0.511,1.6000000000000003,0.2
1423,4.0,1.7000000000000004,0.0,0.53,1.6000000000000003,0.2
1424,5.0,1.7000000000000004,0.0,0.56,1.6000000000000003,0.2
1425,1.0,1.7000000000000004,0.0,0.385,1.7000000000000004,0.2
1426,2.0,1.7000000000000004,0.0,0.474,1.7000000000000004,0.2
1427,3.0,1.7000000000000004,0.0,0.511,1.7000000000000004,0.2
1428,4.0,1.7000000000000004,0.0,0.533,1.7000000000000004,0.2
1429,5.0,1.7000000000000004,0.0,0.565,1.7000000000000004,0.2
1430,1.0,1.7000000000000004,0.0,0.39,1.8000000000000005,0.2
1431,2.0,1.7000000000000004,0.0,0.464,1.8000000000000005,0.2
1432,3.0,1.7000000000000004,0.0,0.512,1.8000000000000005,0.2
1433,4.0,1.7000000000000004,0.0,0.529,1.8000000000000005,0.2
1434,5.0,1.7000000000000004,0.0,0.556,1.8000000000000005,0.2
1435,1.0,1.7000000000000004,0.0,0.382,1.9000000000000006,0.2
1436,2.0,1.7000000000000004,0.0,0.468,1.9000000000000006,0.2
1437,3.0,1.7000000000000004,0.0,0.499,1.9000000000000006,0.2
1438,4.0,1.7000000000000004,0.0,0.526,1.9000000000000006,0.2
1439,5.0,1.7000000000000004,0.0,0.558,1.9000000000000006,0.2
1440,1.0,1.8000000000000005,0.0,0.364,0.2,0.2
1441,2.0,1.8000000000000005,0.0,0.431,0.2,0.2
1442,3.0,1.8000000000000005,0.0,0.482,0.2,0.2
1443,4.0,1.8000000000000005,0.0,0.496,0.2,0.2
1444,5.0,1.8000000000000005,0.0,0.571,0.2,0.2
1445,1.0,1.8000000000000005,0.0,0.365,0.30000000000000004,0.2
1446,2.0,1.8000000000000005,0.0,0.437,0.30000000000000004,0.2
1447,3.0,1.8000000000000005,0.0,0.474,0.30000000000000004,0.2
1448,4.0,1.8000000000000005,0.0,0.496,0.30000000000000004,0.2
1449,5.0,1.8000000000000005,0.0,0.566,0.30000000000000004,0.2
1450,1.0,1.8000000000000005,0.0,0.355,0.4000000000000001,0.2
1451,2.0,1.8000000000000005,0.0,0.424,0.4000000000000001,0.2
1452,3.0,1.8000000000000005,0.0,0.472,0.4000000000000001,0.2
1453,4.0,1.8000000000000005,0.0,0.497,0.4000000000000001,0.2
1454,5.0,1.8000000000000005,0.0,0.549,0.4000000000000001,0.2
1455,1.0,1.8000000000000005,0.0,0.355,0.5000000000000001,0.2
1456,2.0,1.8000000000000005,0.0,0.427,0.5000000000000001,0.2
1457,3.0,1.8000000000000005,0.0,0.474,0.5000000000000001,0.2
1458,4.0,1.8000000000000005,0.0,0.495,0.5000000000000001,0.2
1459,5.0,1.8000000000000005,0.0,0.552,0.5000000000000001,0.2
1460,1.0,1.8000000000000005,0.0,0.358,0.6000000000000001,0.2
1461,2.0,1.8000000000000005,0.0,0.427,0.6000000000000001,0.2
1462,3.0,1.8000000000000005,0.0,0.475,0.6000000000000001,0.2
1463,4.0,1.8000000000000005,0.0,0.494,0.6000000000000001,0.2
1464,5.0,1.8000000000000005,0.0,0.548,0.6000000000000001,0.2
1465,1.0,1.8000000000000005,0.0,0.363,0.7000000000000002,0.2
1466,2.0,1.8000000000000005,0.0,0.437,0.7000000000000002,0.2
1467,3.0,1.8000000000000005,0.0,0.482,0.7000000000000002,0.2
1468,4.0,1.8000000000000005,0.0,0.497,0.7000000000000002,0.2
1469,5.0,1.8000000000000005,0.0,0.542,0.7000000000000002,0.2
1470,1.0,1.8000000000000005,0.0,0.354,0.8000000000000003,0.2
1471,2.0,1.8000000000000005,0.0,0.437,0.8000000000000003,0.2
1472,3.0,1.8000000000000005,0.0,0.478,0.8000000000000003,0.2
1473,4.0,1.8000000000000005,0.0,0.492,0.8000000000000003,0.2
1474,5.0,1.8000000000000005,0.0,0.533,0.8000000000000003,0.2
1475,1.0,1.8000000000000005,0.0,0.361,0.9000000000000001,0.2
1476,2.0,1.8000000000000005,0.0,0.436,0.9000000000000001,0.2
1477,3.0,1.8000000000000005,0.0,0.474,0.9000000000000001,0.2
1478,4.0,1.8000000000000005,0.0,0.508,0.9000000000000001,0.2
1479,5.0,1.8000000000000005,0.0,0.546,0.9000000000000001,0.2
1480,1.0,1.8000000000000005,0.0,0.366,1.0000000000000002,0.2
1481,2.0,1.8000000000000005,0.0,0.443,1.0000000000000002,0.2
1482,3.0,1.8000000000000005,0.0,0.481,1.0000000000000002,0.2
1483,4.0,1.8000000000000005,0.0,0.505,1.0000000000000002,0.2
1484,5.0,1.8000000000000005,0.0,0.543,1.0000000000000002,0.2
1485,1.0,1.8000000000000005,0.0,0.37,1.1000000000000003,0.2
1486,2.0,1.8000000000000005,0.0,0.44,1.1000000000000003,0.2
1487,3.0,1.8000000000000005,0.0,0.489,1.1000000000000003,0.2
1488,4.0,1.8000000000000005,0.0,0.502,1.1000000000000003,0.2
1489,5.0,1.8000000000000005,0.0,0.538,1.1000000000000003,0.2
1490,1.0,1.8000000000000005,0.0,0.366,1.2000000000000004,0.2
1491,2.0,1.8000000000000005,0.0,0.442,1.2000000000000004,0.2
1492,3.0,1.8000000000000005,0.0,0.477,1.2000000000000004,0.2
1493,4.0,1.8000000000000005,0.0,0.502,1.2000000000000004,0.2
1494,5.0,1.8000000000000005,0.0,0.534,1.2000000000000004,0.2
1495,1.0,1.8000000000000005,0.0,0.374,1.3000000000000003,0.2
1496,2.0,1.8000000000000005,0.0,0.437,1.3000000000000003,0.2
1497,3.0,1.8000000000000005,0.0,0.477,1.3000000000000003,0.2
1498,4.0,1.8000000000000005,0.0,0.486,1.3000000000000003,0.2
1499,5.0,1.8000000000000005,0.0,0.53,1.3000000000000003,0.2
1500,1.0,1.8000000000000005,0.0,0.369,1.4000000000000004,0.2
1501,2.0,1.8000000000000005,0.0,0.454,1.4000000000000004,0.2
1502,3.0,1.8000000000000005,0.0,0.493,1.4000000000000004,0.2
1503,4.0,1.8000000000000005,0.0,0.509,1.4000000000000004,0.2
1504,5.0,1.8000000000000005,0.0,0.534,1.4000000000000004,0.2
1505,1.0,1.8000000000000005,0.0,0.373,1.5000000000000004,0.2
1506,2.0,1.8000000000000005,0.0,0.45,1.5000000000000004,0.2
1507,3.0,1.8000000000000005,0.0,0.488,1.5000000000000004,0.2
1508,4.0,1.8000000000000005,0.0,0.508,1.5000000000000004,0.2
1509,5.0,1.8000000000000005,0.0,0.547,1.5000000000000004,0.2
1510,1.0,1.8000000000000005,0.0,0.378,1.6000000000000003,0.2
1511,2.0,1.8000000000000005,0.0,0.457,1.6000000000000003,0.2
1512,3.0,1.8000000000000005,0.0,0.492,1.6000000000000003,0.2
1513,4.0,1.8000000000000005,0.0,0.504,1.6000000000000003,0.2
1514,5.0,1.8000000000000005,0.0,0.533,1.6000000000000003,0.2
1515,1.0,1.8000000000000005,0.0,0.37,1.7000000000000004,0.2
1516,2.0,1.8000000000000005,0.0,0.449,1.7000000000000004,0.2
1517,3.0,1.8000000000000005,0.0,0.486,1.7000000000000004,0.2
1518,4.0,1.8000000000000005,0.0,0.513,1.7000000000000004,0.2
1519,5.0,1.8000000000000005,0.0,0.543,1.7000000000000004,0.2
1520,1.0,1.8000000000000005,0.0,0.366,1.8000000000000005,0.2
1521,2.0,1.8000000000000005,0.0,0.443,1.8000000000000005,0.2
1522,3.0,1.8000000000000005,0.0,0.489,1.8000000000000005,0.2
1523,4.0,1.8000000000000005,0.0,0.51,1.8000000000000005,0.2
1524,5.0,1.8000000000000005,0.0,0.54,1.8000000000000005,0.2
1525,1.0,1.8000000000000005,0.0,0.367,1.9000000000000006,0.2
1526,2.0,1.8000000000000005,0.0,0.447,1.9000000000000006,0.2
1527,3.0,1.8000000000000005,0.0,0.482,1.9000000000000006,0.2
1528,4.0,1.8000000000000005,0.0,0.501,1.9000000000000006,0.2
1529,5.0,1.8000000000000005,0.0,0.538,1.9000000000000006,0.2
1530,1.0,1.9000000000000006,0.0,0.349,0.2,0.2
1531,2.0,1.9000000000000006,0.0,0.419,0.2,0.2
1532,3.0,1.9000000000000006,0.0,0.456,0.2,0.2
1533,4.0,1.9000000000000006,0.0,0.476,0.2,0.2
1534,5.0,1.9000000000000006,0.0,0.548,0.2,0.2
1535,1.0,1.9000000000000006,0.0,0.351,0.30000000000000004,0.2
1536,2.0,1.9000000000000006,0.0,0.421,0.30000000000000004,0.2
1537,3.0,1.9000000000000006,0.0,0.461,0.30000000000000004,0.2
1538,4.0,1.9000000000000006,0.0,0.479,0.30000000000000004,0.2
1539,5.0,1.9000000000000006,0.0,0.54,0.30000000000000004,0.2
1540,1.0,1.9000000000000006,0.0,0.348,0.4000000000000001,0.2
1541,2.0,1.9000000000000006,0.0,0.418,0.4000000000000001,0.2
1542,3.0,1.9000000000000006,0.0,0.448,0.4000000000000001,0.2
1543,4.0,1.9000000000000006,0.0,0.477,0.4000000000000001,0.2
1544,5.0,1.9000000000000006,0.0,0.534,0.4000000000000001,0.2
1545,1.0,1.9000000000000006,0.0,0.35,0.5000000000000001,0.2
1546,2.0,1.9000000000000006,0.0,0.414,0.5000000000000001,0.2
1547,3.0,1.9000000000000006,0.0,0.446,0.5000000000000001,0.2
1548,4.0,1.9000000000000006,0.0,0.477,0.5000000000000001,0.2
1549,5.0,1.9000000000000006,0.0,0.525,0.5000000000000001,0.2
1550,1.0,1.9000000000000006,0.0,0.346,0.6000000000000001,0.2
1551,2.0,1.9000000000000006,0.0,0.417,0.6000000000000001,0.2
1552,3.0,1.9000000000000006,0.0,0.454,0.6000000000000001,0.2
1553,4.0,1.9000000000000006,0.0,0.474,0.6000000000000001,0.2
1554,5.0,1.9000000000000006,0.0,0.53,0.6000000000000001,0.2
1555,1.0,1.9000000000000006,0.0,0.356,0.7000000000000002,0.2
1556,2.0,1.9000000000000006,0.0,0.417,0.7000000000000002,0.2
1557,3.0,1.9000000000000006,0.0,0.455,0.7000000000000002,0.2
1558,4.0,1.9000000000000006,0.0,0.478,0.7000000000000002,0.2
1559,5.0,1.9000000000000006,0.0,0.523,0.7000000000000002,0.2
1560,1.0,1.9000000000000006,0.0,0.35,0.8000000000000003,0.2
1561,2.0,1.9000000000000006,0.0,0.417,0.8000000000000003,0.2
1562,3.0,1.9000000000000006,0.0,0.462,0.8000000000000003,0.2
1563,4.0,1.9000000000000006,0.0,0.475,0.8000000000000003,0.2
1564,5.0,1.9000000000000006,0.0,0.514,0.8000000000000003,0.2
1565,1.0,1.9000000000000006,0.0,0.353,0.9000000000000001,0.2
1566,2.0,1.9000000000000006,0.0,0.42,0.9000000000000001,0.2
1567,3.0,1.9000000000000006,0.0,0.46,0.9000000000000001,0.2
1568,4.0,1.9000000000000006,0.0,0.48,0.9000000000000001,0.2
1569,5.0,1.9000000000000006,0.0,0.527,0.9000000000000001,0.2
1570,1.0,1.9000000000000006,0.0,0.352,1.0000000000000002,0.2
1571,2.0,1.9000000000000006,0.0,0.427,1.0000000000000002,0.2
1572,3.0,1.9000000000000006,0.0,0.461,1.0000000000000002,0.2
1573,4.0,1.9000000000000006,0.0,0.475,1.0000000000000002,0.2
1574,5.0,1.9000000000000006,0.0,0.517,1.0000000000000002,0.2
1575,1.0,1.9000000000000006,0.0,0.352,1.1000000000000003,0.2
1576,2.0,1.9000000000000006,0.0,0.422,1.1000000000000003,0.2
1577,3.0,1.9000000000000006,0.0,0.461,1.1000000000000003,0.2
1578,4.0,1.9000000000000006,0.0,0.477,1.1000000000000003,0.2
1579,5.0,1.9000000000000006,0.0,0.514,1.1000000000000003,0.2
1580,1.0,1.9000000000000006,0.0,0.353,1.2000000000000004,0.2
1581,2.0,1.9000000000000006,0.0,0.429,1.2000000000000004,0.2
1582,3.0,1.9000000000000006,0.0,0.46,1.2000000000000004,0.2
1583,4.0,1.9000000000000006,0.0,0.483,1.2000000000000004,0.2
1584,5.0,1.9000000000000006,0.0,0.505,1.2000000000000004,0.2
1585,1.0,1.9000000000000006,0.0,0.359,1.3000000000000003,0.2
1586,2.0,1.9000000000000006,0.0,0.432,1.3000000000000003,0.2
1587,3.0,1.9000000000000006,0.0,0.454,1.3000000000000003,0.2
1588,4.0,1.9000000000000006,0.0,0.47,1.3000000000000003,0.2
1589,5.0,1.9000000000000006,0.0,0.504,1.3000000000000003,0.2
1590,1.0,1.9000000000000006,0.0,0.361,1.4000000000000004,0.2
1591,2.0,1.9000000000000006,0.0,0.438,1.4000000000000004,0.2
1592,3.0,1.9000000000000006,0.0,0.477,1.4000000000000004,0.2
1593,4.0,1.9000000000000006,0.0,0.487,1.4000000000000004,0.2
1594,5.0,1.9000000000000006,0.0,0.513,1.4000000000000004,0.2
1595,1.0,1.9000000000000006,0.0,0.363,1.5000000000000004,0.2
1596,2.0,1.9000000000000006,0.0,0.434,1.5000000000000004,0.2
1597,3.0,1.9000000000000006,0.0,0.477,1.5000000000000004,0.2
1598,4.0,1.9000000000000006,0.0,0.49,1.5000000000000004,0.2
1599,5.0,1.9000000000000006,0.0,0.522,1.5000000000000004,0.2
1600,1.0,1.9000000000000006,0.0,0.361,1.6000000000000003,0.2
1601,2.0,1.9000000000000006,0.0,0.438,1.6000000000000003,0.2
1602,3.0,1.9000000000000006,0.0,0.474,1.6000000000000003,0.2
1603,4.0,1.9000000000000006,0.0,0.488,1.6000000000000003,0.2
1604,5.0,1.9000000000000006,0.0,0.514,1.6000000000000003,0.2
1605,1.0,1.9000000000000006,0.0,0.355,1.7000000000000004,0.2
1606,2.0,1.9000000000000006,0.0,0.43,1.7000000000000004,0.2
1607,3.0,1.9000000000000006,0.0,0.462,1.7000000000000004,0.2
1608,4.0,1.9000000000000006,0.0,0.486,1.7000000000000004,0.2
1609,5.0,1.9000000000000006,0.0,0.521,1.7000000000000004,0.2
1610,1.0,1.9000000000000006,0.0,0.355,1.8000000000000005,0.2
1611,2.0,1.9000000000000006,0.0,0.421,1.8000000000000005,0.2
1612,3.0,1.9000000000000006,0.0,0.462,1.8000000000000005,0.2
1613,4.0,1.9000000000000006,0.0,0.485,1.8000000000000005,0.2
1614,5.0,1.9000000000000006,0.0,0.518,1.8000000000000005,0.2
1615,1.0,1.9000000000000006,0.0,0.359,1.9000000000000006,0.2
1616,2.0,1.9000000000000006,0.0,0.424,1.9000000000000006,0.2
1617,3.0,1.9000000000000006,0.0,0.469,1.9000000000000006,0.2
1618,4.0,1.9000000000000006,0.0,0.481,1.9000000000000006,0.2
1619,5.0,1.9000000000000006,0.0,0.507,1.9000000000000006,0.2
